,content,data,tags
0,"🕺👍공항에서 환전 받을 때 은행은? 둘도 셋도 아닌 하나! 하나은행! ^^하플콘  전체 무대도 예쁘고,열정 가득한 무대를 보여 준 가수분들 👍 잔나비 의 무대도 👍 하플콘 내년에도 잔나비랑 같이 만나요.@hanabank_official#잔나비 #jannabi #하플콘 #하나플레이리스트콘서트 #하나은행#하플콘최애무대#하나은행환전 #하나은행적금 #잔나비최정훈 #잔나비공연",2023-09-21,"['#잔나비 ', '#jannabi ', '#하플콘 ', '#하나플레이리스트콘서트 ', '#하나은행', '#하플콘최애무대', '#하나은행환전 ', '#하나은행적금 ', '#잔나비최정훈 ', '#잔나비공연']"
1,🕺👍🕺뜨거운 여름밤은 가고 남은 건 볼품있는  #하나플레이리스트콘서트 💚👍최고의 뮤지션 잔나비의 멋진 무대었음멋진 무대 준비해주신하나은행 최고 👍 @hanabank_official#잔나비 #jannabi #하플콘#뜨거운여름밤은가고남은건볼품없지만#잔나비김도형 #잔나비김도형#하플콘최애무대 #하나은행#하나은행적금 #하나은행환전 #잔나비공연 #최고의무대,2023-09-21,"['#하나플레이리스트콘서트 💚👍최고의 뮤지션 잔나비의 멋진 무대었음멋진 무대 준비해주신하나은행 최고 👍 @hanabank_official', '#잔나비 ', '#jannabi ', '#하플콘', '#뜨거운여름밤은가고남은건볼품없지만', '#잔나비김도형 ', '#잔나비김도형', '#하플콘최애무대 ', '#하나은행', '#하나은행적금 ', '#하나은행환전 ', '#잔나비공연 ', '#최고의무대']"
2,..11개월 누적 걸음수가 350만보가 되면 기본금리 1.1% + 2.35% 추가 금리를 주는 하나은행 도전365적금.하루 만보 이상 걸어야 하는게 쉽지 않은 일인데..무려 667만보 ㅋㅋㅋㅋ이것이 마라토너 걸음수의 클라스2.35% 알뜰하게 챙겼습니다😎.#하나은행적금#도전365적금#마라토너적금#고생해서얻은금리,2019-08-24,"['#하나은행적금', '#도전365적금', '#마라토너적금', '#고생해서얻은금리']"
3,민성이 통장만들기👏🏻 하나는 돈생길때마다 넣어주려고 만들고 하나는 첫거래고객은 3% 금리라길래 얼른 적금 들어줌 엄마아빠가 민성이돈 받은거 다 넣어서 나중에 돌려줄게💸 #엄마주거래은행신한은행 #하나은행적금 #해피적금 #3% #부자되자 #육아 #돈모으기,2016-10-18,"['#엄마주거래은행신한은행 ', '#하나은행적금 ', '#해피적금 ', '#3% ', '#부자되자 ', '#육아 ', '#돈모으기']"
4,☆ 고금리 적금 꿀정보 공유!! ☆⠀꿀정보 공유하는 우주맘이 좋은 정보 알아왔지요! 👍🏻2월3일~2월5일까지 하나은행에서5.01%의 적금 가입이 가능합니다!!!(사진에 숫자 오타에요. 5.01% 입니다)⠀네이버 실시간 1위까지 뜰 정도로 핫했는데모르시는 분들 계신 것 같아서 정보 공유해요♡⠀✔어플이나 온라인 가입시에만 적용되는 금리라서창구 직접 방문이나 고객센터는 제외되요.(어플에서 하나원큐를 설치하세요.)✔ 1년짜리!!✔ 월 10만~월30만원까지만✔ 1인 1개 가능✔ 하나은행 계좌에서 이 적금으로 자동이체 해두셔야최종 5.01% 금리 가능!⠀2월 5일까지니까 관심있으신 분들은놓치지말고 꼭!!! 적금 가입하세요^-^넘 꿀정보라서 공유해요!!선착순아니고 기간내에 가입하는 분들 모두 가능이래요^^⠀⠀어플 접속하시면 종일 저렇게 대기인원수가 뜨긴하는데어플 켜두고 기다리시면 접속됩니다.지금 시간에는 사람이 안 몰리니까새벽시간을 노리세요! 바로 접속되네요. ㅎㅎ올해는 저축 많이 많이 합시다!⠀⠀⠀#은행적금 #고금리적금 #하나더적금 #하나은행 #하나은행적금 #네이버실검1위 #부자되세요 #저축습관 #저축하자 #똑똑한엄마 ##야물딱,2020-02-03,"['#은행적금 ', '#고금리적금 ', '#하나더적금 ', '#하나은행 ', '#하나은행적금 ', '#네이버실검1위 ', '#부자되세요 ', '#저축습관 ', '#저축하자 ', '#똑똑한엄마 ', '#야물딱']"
5,#펫보험 #펫사랑보험 #하나은행적금#펫적금올해도들었다#DB손해보험 과 함께하는 사고시 배상보험가능#우리뚱이적금,2022-07-13,"['#펫보험 ', '#펫사랑보험 ', '#하나은행적금', '#펫적금올해도들었다', '#DB손해보험 과 함께하는 사고시 배상보험가능', '#우리뚱이적금']"
6,"하,, 하나은행에 적금 만들러갔다가 대기인원보고 한치의 망설임도 없이 나왔어여 🙄 지금 저 통장 만드는 사람은 위너 라던데 대다나닷🤪🤪---#주아르 #하나은행적금 #여리티 #트임연청데님 #ootd  내일업뎃💙",2020-02-05,"['#주아르 ', '#하나은행적금 ', '#여리티 ', '#트임연청데님 ', '#ootd  내일업뎃💙']"
7,별이 첫 적금-:)엄마아빠가 별이를 위한 통장을 만들었어작은 돈이지만 차곡차곡 모아서나중에 크면 좋은곳에 사용할게♡. #출산 #육아 #일상 #2017년2월7일 #58일 #생후58일#육아전쟁 #육아천국 #1개월 #공유#육아일기 #육아일상 #아들스타그램 #1개월아기 #육아소통 #대전맘#첫째맘 #육아소통그램 #첫째아들 #태명은별이 #원숭이띠아기 #원숭이띠🐵 #육아스타그램 #별이스타그램 #적금 #첫적금 #아기적금 #정하준사랑해적금 #하나은행 #하나은행적금,2017-10-31,"['#출산 ', '#육아 ', '#일상 ', '#2017년2월7일 ', '#58일 ', '#생후58일', '#육아전쟁 ', '#육아천국 ', '#1개월 ', '#공유', '#육아일기 ', '#육아일상 ', '#아들스타그램 ', '#1개월아기 ', '#육아소통 ', '#대전맘', '#첫째맘 ', '#육아소통그램 ', '#첫째아들 ', '#태명은별이 ', '#원숭이띠아기 ', '#원숭이띠🐵 ', '#육아스타그램 ', '#별이스타그램 ', '#적금 ', '#첫적금 ', '#아기적금 ', '#정하준사랑해적금 ', '#하나은행 ', '#하나은행적금']"
8,온 가족 #하나더적금 들기.... 일년 뒤 이자로 뭘 할까? #소소한행복...#하나은행적금#적금추천#목돈만들기#직장인그램#남매맘그램#직장인재테크#적금상품#적금재테크#은행금리,2020-02-05,"['#하나더적금 들기.... 일년 뒤 이자로 뭘 할까? ', '#소소한행복...', '#하나은행적금', '#적금추천', '#목돈만들기', '#직장인그램', '#남매맘그램', '#직장인재테크', '#적금상품', '#적금재테크', '#은행금리']"
9,내일까지 특판!하나원큐다운받고입출금통장계설후돈입금(계좌이체시키고)적금-하나더적금상품신청난.. 에러나서..방문해서..ㅋㅋ잇다보자 은지야ㅋㅋㅋ#하나은행적금#하나은행5프로#하나더적금#5프로적금#비대면적금#성서창구직원추천#성서지점김은지,2020-02-03,"['#하나은행적금', '#하나은행5프로', '#하나더적금', '#5프로적금', '#비대면적금', '#성서창구직원추천', '#성서지점김은지']"
10,"가입했던 적금이 만기가 되서새 적금 상품으로 가입했어요!.이번에 선택한 상품은 복리적금입니다!.적금에도 복리 상품이 있다는 사실 알고 계셨나요?.단리는 매월 원금에 이자를 주지만복리는 원금에 붙은 이자에도 이자를 준다는사실!.닭이 매일 하나의 알을 줄수도 있지만닭이 낳은 알을 부화시켜서 닭이되면 알이 2개로 늘어나는 것처럼!복리는 이자에 이자를 주는 상품입니다!.고금리 상품이나 다른 상품들을 가입하려니 새로 가입 해야하고고금리 적금은 카드 발급하고 써야해서....기존 거래를 유지하는 범위내에서 금리가 높은 상품으로 선택했어요!.물론 금리 우대나 가입요건이 있지만다른 상품들에 비해 여유로운(?)상품입니다.가입기간은 1~3년, 금액도 1만원부터 150만원까지(분기한도)더라구요.급여, 카드 대금, 관리비, 공과금, 청약 등 거래실적 요건도 다양한 편입니다..돈을 불리는 것도 중요하지만나의 피, 땀, 눈물로 열심히 모은 돈을 지키는 것도 중요합니다 :D",2020-12-16,[]
11,#하나은행하나더적금 성공!!! 그 어렵다는걸 해냈네요ㅜ계속 오류나고 팅겨져서 나오고ㅠ끈질기게 해서 간신히 마감 5시전에 아슬아슬 성공했어요ㅎㅎㅎ 이게 뭐라고;;#하나더적금성공 #하나은행적금,2020-02-05,"['#하나은행하나더적금 성공!!! 그 어렵다는걸 해냈네요ㅜ계속 오류나고 팅겨져서 나오고ㅠ끈질기게 해서 간신히 마감 5시전에 아슬아슬 성공했어요ㅎㅎㅎ 이게 뭐라고;;', '#하나더적금성공 ', '#하나은행적금']"
12,"연 5,500,000 만보  대략 하루 15,000 보추가 이율 2.35% 는 덤!#걷기운동 #하나은행적금",2021-06-10,"['#걷기운동 ', '#하나은행적금']"
13,.적금들 만기이자 진짜 간지럽네요이제 가입 할 적금이 없음.#카카오26주적금#하나은행적금#카카오자유적금#다추가납입했어요#저축개미#뭐사달라고하지마세요#적금으로집못삼#역시동행,2021-08-22,"['#카카오26주적금', '#하나은행적금', '#카카오자유적금', '#다추가납입했어요', '#저축개미', '#뭐사달라고하지마세요', '#적금으로집못삼', '#역시동행']"
14,4.3%이자로 만든 하나은행 적금통장🙂 작년같은 대란은 나올지 안나올지도 모르고 야박한 금리땜에 고민고민하다가 선택한 적금💰탯줄도장으로 첫 통장 만들어서 더 의미있는 통장🤭 차곡차곡 모아줄게 성인되면 아인이 하고싶은거 해🧡..#울산 #양산 #서창 #아기 #아가 #베이비 #아기적금 #적금 #아가적금 #아이적금 #하나은행 #하나은행적금 #아동수당적금 #하나아동수당적금 #청약통장 #청약 #김아인 #김라봉,2019-11-13,"['#울산 ', '#양산 ', '#서창 ', '#아기 ', '#아가 ', '#베이비 ', '#아기적금 ', '#적금 ', '#아가적금 ', '#아이적금 ', '#하나은행 ', '#하나은행적금 ', '#아동수당적금 ', '#하나아동수당적금 ', '#청약통장 ', '#청약 ', '#김아인 ', '#김라봉']"
15,하나은행 특판 들러왔는데타지역보단 대기수가 작아서 기달리는중적금은 습관이 중요해서 그냥 기분상 높은 금리 들지만 ㅋㅋ 막상 이자 따져보고 하면 얼마 안되는것🤣유하꺼 만기됐으니 이번에도 저금하자🥰,2020-02-05,[]
16,#셀스타그램#얼스타그램#셀피#selfie#셀카#ootd#데일리#업뎃#맞팔#소통#좋아요#일상#daily#하나은행#적금#예금#하나은행적금#대한민국만세#대한민국만세적금#삼둥이지난주 축구장갔을때 알게된 대한민국만세적금나도 요 통장 가지고싶어서 적금들고옴 💕#귀여워 😍😍나름 적금통장 5개있는 계획성있는 여자 💄,2015-04-10,"['#셀스타그램', '#얼스타그램', '#셀피', '#셀카', '#ootd', '#데일리', '#업뎃', '#맞팔', '#소통', '#좋아요', '#일상', '#daily', '#하나은행', '#적금', '#예금', '#하나은행적금', '#대한민국만세', '#대한민국만세적금', '#삼둥이지난주 축구장갔을때 알게된 대한민국만세적금나도 요 통장 가지고싶어서 적금들고옴 💕', '#귀여워 😍😍나름 적금통장 5개있는 계획성있는 여자 💄']"
17,"데코뷰 X KEB하나은행 제휴적금 특별금리 이벤트데코뷰 회원을 위한 선물같은 최대금리 ""연 3%"" 제휴적금을 만나보세요.비대면 계좌개설 서비스로 모바일로 쉽게 가입할 수 있으며자유적립식으로 적금 액수에 대한 부담을 줄인 상품입니다. 데코뷰 특별 제휴적금에 대한 더 자세한 정보 보러가기 ▼데코뷰 온라인몰 EVENT 게시판Www.decoview.co.kr",2020-01-31,[]
18,⠀⠀생후 208일⠀예쁜 꼬까옷 샀는데 입고 나갈일이 없네ㅠㅠ코로나 터지기 전주에 산거당200일 촬영하고자 산건데ㅜㅜ 집에서만 입고 있으니넘 안타까워ㅠㅠ이와중에 너무 예뻐서..... 심장폭행이야😍😍사랑해 울 소이❤️ 이렇게 밝게 자라줘💕⠀#방콕 #예쁜드레스 #아기드레스 #드레스샵 #모이몰른 #모이몰른원피스,2020-02-04,"['#방콕 ', '#예쁜드레스 ', '#아기드레스 ', '#드레스샵 ', '#모이몰른 ', '#모이몰른원피스']"
19,".하나은행, 오픈 하자마자 대기인 17명. ㅎㄷㄷ.어제 2시간 기다려서 휴면계좌 풀었는데 적금 가입하려고 보니 비번 모름... 아놔.. 3번 틀리고 아침에 바로 은행행 ㅋ..이틀만에 가입 완료!8만원 벌기 너무 힘들다........#하나은행 #하나은행적금 #하나은행적금특판 #은행오픈전 #대기실화냐 #어쨌든성공 #풍차돌리기 #소확행 #일상 #선팔하면맞팔가요",2020-02-05,"['#하나은행 ', '#하나은행적금 ', '#하나은행적금특판 ', '#은행오픈전 ', '#대기실화냐 ', '#어쨌든성공 ', '#풍차돌리기 ', '#소확행 ', '#일상 ', '#선팔하면맞팔가요']"
20,#첫줄빠이하나은행  적금을 들었더니 꽃을든 무민 저금통 선물이 왔다😀내 책상에 한쪽편에 자리잡은 무민!누나가 동전 배불리 먹여주께♡#하나은행적금 #꽃을든무민 #텐바이텐 #한정상품 #귀요미 #무민 #저금통 #동전주세욤 #👐,2017-07-19,"['#첫줄빠이하나은행  적금을 들었더니 꽃을든 무민 저금통 선물이 왔다😀내 책상에 한쪽편에 자리잡은 무민!누나가 동전 배불리 먹여주께♡', '#하나은행적금 ', '#꽃을든무민 ', '#텐바이텐 ', '#한정상품 ', '#귀요미 ', '#무민 ', '#저금통 ', '#동전주세욤 ', '#👐']"
21,#첫줄 평창 올림픽. 화이팅 ^^4위권에 들면 하나은행 예금 / 적금 이자 우대된데요 __#하나은행적금 #하나된평창적금 #귀요미아들 #사랑해아들 #borntobeawesome,2018-02-06,"['#첫줄 평창 올림픽. 화이팅 ^^4위권에 들면 하나은행 예금 / 적금 이자 우대된데요 __', '#하나은행적금 ', '#하나된평창적금 ', '#귀요미아들 ', '#사랑해아들 ', '#borntobeawe']"
22,ㅋㅋ 실화냐?!간만에 적금하나 할까했드만..ㅜㅜ어렵구려~~~ㅋ#하나은행 #keb하나은행 #하나은행적금 #춥다 #실화냐,2020-02-05,"['#하나은행 ', '#keb하나은행 ', '#하나은행적금 ', '#춥다 ', '#실화냐']"
23,#적금#하나더적금#하나은행적금5프로래요 들어보아요1년동안 김치만 먹고 살죠뭐 ㅋㅋ,2020-02-05,"['#적금', '#하나더적금', '#하나은행적금5프로래요 들어보아요1년동안 김치만 먹고 살죠뭐 ㅋㅋ']"
24,#나도만들었다하나은행에서 오늘까지 3일간 한시적으로 판매한 적금  #하나더적금 .금리 5.01% 라는 보기힘든 상품인지라 많은 분들이 가입하고 대기시간만 몇시간 걸렸 다더군요저는 누군가가 버린 번호표 덕분에  1시간30분을 기다린 끝에 만들었네요..#하나은행 #하나더적금 #하나은행적금 #높은이율 #대기 #엄청긴시간대기 #대기하다죽을뻔 #번호표 #집에갔다옴 #주운번호표 #은행업무 #은행볼일 #은행일 #인터넷뱅킹 #모바일뱅킹 ##풍차돌리기 #목돈마련 #재테크 #적금 #허리띠졸라매기#일상 #데일리 #평범한 #주부스타그램,2020-02-05,"['#나도만들었다하나은행에서 오늘까지 3일간 한시적으로 판매한 적금  ', '#하나더적금 .금리 5.01% 라는 보기힘든 상품인지라 많은 분들이 가입하고 대기시간만 몇시간 걸렸 다더군요저는 누군가가 버린 번호표 덕분에  1시간30분을 기다린 끝에 만들었네요..', '#하나은행 ', '#하나더적금 ', '#하나은행적금 ', '#높은이율 ', '#대기 ', '#엄청긴시간대기 ', '#대기하다죽을뻔 ', '#번호표 ', '#집에갔다옴 ', '#주운번호표 ', '#은행업무 ', '#은행볼일 ', '#은행일 ', '#인터넷뱅킹 ', '#모바일뱅킹 ', '#풍차돌리기 ', '#목돈마련 ', '#재테크 ', '#적금 ', '#허리띠졸라매기', '#일상 ', '#데일리 ', '#평범한 ', '#주부스타그램']"
25,20200203에듀테이블 넘나좋아한당ㅋㅋㅋㅋ음악만 나오면 언제든 흔들흔들💃흥부자서혀닝 ㅋㅋㅋ ..이날 하나은행 적금대란에 합류함5프로대 찾기힘든데 대박이다이제 슬슬 일해야할 것같은데걱정이된다ㅜㅜ맘에드는 어린이집이 없음😭..#맘스타그램#에듀테이블#아기스타그램#하나은행적금#더적금#일해야함#어린이집#육아일상#육아소통#재택근무#재테크#육아소통#일상#소통,2020-02-15,"['#맘스타그램', '#에듀테이블', '#아기스타그램', '#하나은행적금', '#더적금', '#일해야함', '#어린이집', '#육아일상', '#육아소통', '#재택근무', '#재테크', '#육아소통', '#일상', '#소통']"
26,"적금 5.1프로 출시!(하나은행)⠀오늘 운동하러 갔더니 거기 언니 한분이한참을 핸드폰을 하시더니 드디어 가입했다고(저도 어제 보니 대기자가 어마어마..)⠀월30만원한도예요.1년이면 360만원이고, 이자가 5.1프로니이자가 18만원 (세전) 정도 되겠네요.⠀물로 이것도 큰 돈인데,저는 제가 하고 있는 사진재테크 생각이 나더라구요.⠀가입하려고 몇만명씩 대기하는 적금도 1년을 30만원씩 부어야 나오는 돈을,저는 하루 5천원씩 한달만에 받고 있으니까요.⠀사진재테크는요,재테크니까 초기비용이 있어요.은행에도 돈을 넣어야 이자를 주잖아요.⠀만원단위로 빼 쓰실 수도 있구요,이 돈을 빼서 적금을 드셔도 좋죠.매달 15만원씩, 1년이면 180만원을 받을 수 있어요.⠀궁금하신 분은 언제든지댓글/오픈쳇/디엠 주세요⠀친절 상담 해드릴게요 ^^⠀⠀#사진재테크 #하나은행 #하나은행적금 #고금리적금 #재테크 #재택알바 #재택부업 #저금 #적금 #아기통장 #적금통장 #티끌모아태산⠀⠀공구✪쇼핑몰 창업,사진✪영수증 재테크👉프로필 링크 클릭/디엠 @el_market31🎁엘마켓 상품 둘러보기 @elsalife31⠀",2020-02-04,"['#사진재테크 ', '#하나은행 ', '#하나은행적금 ', '#고금리적금 ', '#재테크 ', '#재택알바 ', '#재택부업 ', '#저금 ', '#적금 ', '#아기통장 ', '#적금통장 ', '#티끌모아태산⠀⠀공구✪쇼핑몰 창업']"
27,사랑스룹다.내똥꾸🥰곤히 대짜로 뻗은 막둥이 옆에서 열심히 숨쉬기운동하며 차분한 맘으로서버오류 몇번을 이겨내고 적금가입완료#하나은행적금 #5%대적금 #이건꼭해야해 #놓치지마세요😉 #단3일동안만푼답니다#오늘인가내일까지만가능#티끌모아태산 #없는돈쪼개고쪼개서 #덜쓰고최대한아껴쓰고#여기저기든적금에열심히모아#짧지만만기될때찾는그뿌듯함#제가한번누려볼께여,2020-02-04,"['#하나은행적금 ', '#5%대적금 ', '#이건꼭해야해 ', '#놓치지마세요😉 ', '#단3일동안만푼답니다', '#오늘인가내일까지만가능', '#티끌모아태산 ', '#없는돈쪼개고쪼개서 ', '#덜쓰고최대한아껴쓰고', '#여기저기든적금에열심히모아', '#짧지만만기될때찾는그뿌듯함', '#제가한번누려볼께여']"
28,<영웅 찍고싶은광고>2020.10.8 엘르코리아인터뷰^^말하는대로 이루는 임영웅 진짜 최고 멋지다웅하나은행 광고모델 #임영웅 #limyoungwoong#임영웅유튜브#IMHERO#인터뷰 #하나은행 #신뢰의 아이콘@im_hero____@limyoungwoong.official📷 출처: 엘르코리아 유튭,2024-02-15,"['#임영웅 ', '#limyoungwoong', '#임영웅유튜브', '#IMHERO', '#인터뷰 ', '#하나은행 ', '#신뢰의 아이콘@im_hero____@limyoungwoong.official📷 출처: 엘르코리아 유튭']"
29,"[#EVENT] 하나은행 인천국제공항지점 RE-OPEN 이벤트 🎁인천국제공항의 시작부터,하나은행은 늘 함께였다는 사실, 알고 계셨나요? ☝️2024년 4월 15일, 하나은행 인천국제공항 영업점 RE-OPEN 및 재입점을 맞아 BIG 이벤트를 개최합니다~ 🙌[EVENT 1] 인증샷 이벤트 📸인천국제공항 내 하나은행 지점을 찾아 인증샷을 남기고본인의 계정에 업로드 해주세요! ① 하나은행 공식계정 (@hanabank_official) 태그② 필수 해시태그 #하나은행_인천국제공항③ 비공개 계정은 참여 확인이 어려워요[EVENT 2] 하나은행 인천국제공항지점 재입점 응원하기 ✨댓글에 친구를 태그하여, 하나은행의 공항 재입점을 알리고응원 댓글을 남겨주세요!추첨을 통해 하나은행이 특별한 선물을 보내드려요 💚인천공항의 처음부터,하나은행은 여행의 시작과 끝을 함께합니다! ✈️🎁이벤트기간 : 2024.04.15(월)~2024.05.31(금)🎁당첨자발표 : 2024.06.05(수) / 인스타그램 댓글 내 발표 🎁당첨자선물 :[EVENT 1] [스타벅스] 땡스 어 라떼 세트 x 30명[EVENT 2] [메가MCC커피] 아메리카노 × 50명🎁 하나스타그램 팔로우하면 당첨 확률 UP!🎁 비공개 계정은 참여 확인이 어려워요#하나은행 #Hanabank #하나스타그램 #Hanastagram#하나은행_인천국제공항#인천국제공항하나은행지점#인증샷 #인증샷이벤트 #이벤트-----※ 하나원큐는 하나은행 스마트폰뱅킹 대표 브랜드입니다.※ 기타 서비스 관련 자세한 사항은 하나은행 홈페이지(www.kebhana.com)를 참조하시거나 하나은행 고객센터(1599-1111)로 문의하여 주시기 바랍니다.※ 인스타그램 이벤트 당첨자 선물은 사전 통보 없이 변경될 수 있습니다.※ 인스타그램 사은품은 현금으로 환가 또는 교환이 불가능하며, 모바일 교환권은 연장, 환불, 재발송이 불가합니다.※ 인스타그램 이벤트 관련 문의는 하나은행 인스타그램 DM으로 문의하여 주시기 바랍니다.※ 본 홍보물은 법령 및 내부통제기준에 따른 절차를 거쳐 제공됩니다.※ 본 홍보물은 2024년 5월 31일까지 유효합니다. 단, 인스타그램 댓글 이벤트는 2024년 5월 31일까지 유효합니다.※ 준법감시인 심의필 02770호(2024.04.09) / CC브랜드 240411-0120",2024-04-15,"['#EVENT] 하나은행 인천국제공항지점 RE-OPEN 이벤트 🎁인천국제공항의 시작부터', '#하나은행_인천국제공항③ 비공개 계정은 참여 확인이 어려워요[EVENT 2] 하나은행 인천국제공항지점 재입점 응원하기 ✨댓글에 친구를 태그하여', '#하나은행 ', '#Hanabank ', '#하나스타그램 ', '#Hana', '#하나은행_인천국제공항', '#인천국제공항하나은행지점', '#인증샷 ', '#인증샷이벤트 ', '#이벤트-----※ 하나원큐는 하나은행 스마트폰뱅킹 대표 브랜드입니다.※ 기타 서비스 관련 자세한 사항은 하나은행 홈페이지(www.kebhana.com)를 참조하시거나 하나은행 고객센터(1599-1111)로 문의하여 주시기 바랍니다.※ 인스타그램 이벤트 당첨자 선물은 사전 통보 없이 변경될 수 있습니다.※ 인스타그램 사은품은 현금으로 환가 또는 교환이 불가능하며']"
30,"[#EVENT] 세상에 HANA 밖에 없는 카드 ☝🏻T1(@t1lol)의 팬분들의 심장을 뛰게할 '그' 카드 대망의 런칭일을 발표합니다! 🗓️ 2024.05.02(목) 11AM (KST) ▶️ 하나원큐 앱에서! [#EVENT] T1 카드 발급 준비완 🫡 T1(@t1lol)의 팬이라면 두근두근 기다려지는 대망의 그 카드! 곧 런칭을 앞두고 있습니다 🫢댓글에 T1 찐팬 친구를 태그하여 카드 발급을 놓치지 않도록 런칭 소식을 알려주세요! 추첨을 통해 하나은행이 특별한 선물을 보내드려요 💚🎁이벤트기간 : 2024.04.29(월)~2024.05.06(월)🎁당첨자발표 : 2024.05.10(금) / 인스타그램 내 댓글 발표🎁당첨자선물 : [스타벅스] 카페 아메리카노 (T) x 5🎁하나스타그램 팔로우하면 당첨 확률 UP!#하나은행 #Hanabank#하나스타그램 #Hanastagram #T1WIN #T1Fighting -----※ 하나원큐는 하나은행 스마트폰뱅킹 대표 브랜드입니다.※ 인스타그램 이벤트 당첨자 선물은 사전 통보 없이 변경될 수 있습니다.※ 인스타그램 사은품은 현금으로 환가 또는 교환이 불가능하며, 모바일 교환권은 연장, 환불, 재발송이 불가합니다.※ 인스타그램 이벤트 관련 문의는 하나은행 인스타그램 DM으로 문의하여 주시기 바랍니다.※ 본 홍보물은 법령 및 내부통제기준에 따른 절차를 거쳐 제공됩니다.※ 본 홍보물은 2024년 05월 31일까지 유효합니다.유효기간 이후에는 기록 목적으로 유지됩니다. 단, 인스타그램 댓글 이벤트는 2024년 05월 06일까지만 유효합니다.준법감시인 심의필 제2024-광고-03221호(2024.04.25) / CC브랜드 240425-0322",2024-04-29,"[""#EVENT] 세상에 HANA 밖에 없는 카드 ☝🏻T1(@t1lol)의 팬분들의 심장을 뛰게할 '그' 카드 대망의 런칭일을 발표합니다! 🗓️ 2024.05.02(목) 11AM (KST) ▶️ 하나원큐 앱에서! ["", '#EVENT] T1 카드 발급 준비완 \U0001fae1 T1(@t1lol)의 팬이라면 두근두근 기다려지는 대망의 그 카드! 곧 런칭을 앞두고 있습니다 \U0001fae2댓글에 T1 찐팬 친구를 태그하여 카드 발급을 놓치지 않도록 런칭 소식을 알려주세요! 추첨을 통해 하나은행이 특별한 선물을 보내드려요 💚🎁이벤트기간 : 2024.04.29(월)~2024.05.06(월)🎁당첨자발표 : 2024.05.10(금) / 인스타그램 내 댓글 발표🎁당첨자선물 : [스타벅스] 카페 아메리카노 (T) x 5🎁하나스타그램 팔로우하면 당첨 확률 UP!', '#하나은행 ', '#Hanabank', '#하나스타그램 ', '#Hana', '#T1', '#T1Fighting -----※ 하나원큐는 하나은행 스마트폰뱅킹 대표 브랜드입니다.※ 인스타그램 이벤트 당첨자 선물은 사전 통보 없이 변경될 수 있습니다.※ 인스타그램 사은품은 현금으로 환가 또는 교환이 불가능하며']"
31,"#240429 #머니투데이 #신문스크랩 #📰 [‘무료 배달’ 전쟁, 한 달 만에 끝?… 배민도 ‘구독 멤버십’ 내놓는다]📌요약배달 플랫폼들의 구독 서비스 출시📌why?경쟁력 확보를 위해📌세부내용-배달의 민족이 전면 무료 배달 서비스를 출시한 지 한 달 만에 ‘배민 클럽(구독 서비스)’ 출시 예고-업계에서는 배민이 지금처럼 계속 전면적인 비용을 투자할 순 없기에 내놓은 방안으로 보고 있음-배민클럽이 출시될 경우 3대 배달 업계인 배달의 민족, 쿠팡이츠, 요기요 모두 구독제를 시행하게 됨📌키워드 배달 구독제👩🏻배민이 구독 서비스를 출시하게 되면 경쟁력이 떨어질 것이라고 생각한다. 왜냐하면 타 업체의 구독 서비스를 이용하는 것에 비해 가성비가 떨어지기 때문이다.예를 들어 쿠팡은 와우 멤버십을 구매하게 되면 쿠팡플레이, 쿠팡 이츠, 로켓 프레쉬 등 이용할 수 있는 서비스가 많은 반면 배민은 그렇지 않다. 게다가 최근 쿠팡 와우 멤버십 가격이 두 배 이상 늘었는데 여기에 또 다른 플랫폼의 구독 서비스를 이용하게 되면 이용자들의 부담이 늘기 때문이다.따라서 배민은 구독제 말고 타 경쟁업체에 없는 다른 비즈니스 모델을 고민해 보는 게 더 좋을 것 같다.",2024-04-29,"['#240429 ', '#머니투데이 ', '#신문스크랩 ', '#📰 [‘무료 배달’ 전쟁']"
32,"오~~투샷 👍 이제 봤네 🤣#정관장#하나은행임영웅 별빛을 품은 우주, 아름다운 가수 당신의 모든 날을 응원합니다 💙#임영웅 #limyoungwoong #임영웅_음원강자 #임영웅팬덤 #건행#모래알갱이 #DoorDie #상앙콘함께해웅 🤗",2024-04-28,"['#정관장', '#하나은행임영웅 별빛을 품은 우주', '#임영웅 ', '#limyoungwoong ', '#임영웅_음원강자 ', '#임영웅팬덤 ', '#건행', '#모래알갱이 ', '#DoorDie ', '#상앙콘함께해웅 🤗']"
33,임영웅 [하나은행] HANA X HERO TV 광고 촬영 📺 메이킹 필름 공개 🙌 하나TV 공식 유튜브 100만 뷰🎉심쿵미남🙈😍#임영웅 #limyoungwoong#임영웅_하나은행모델발탁 #하나은행 #Hanabank #하나스타그램 #Hanastagram#영웅은하나 #하나뿐인내편 #내편하나만믿어요#임영웅음원강자#임영웅독보적가창력#임영웅넘사벽아티스트 #임영웅_모래알갱이#임영웅_do_or_die #임영웅팬덤_영웅시대#영웅시대📸하나은행 유튭🖥️편집lovely_lovelee__,2024-04-29,"['#임영웅 ', '#limyoungwoong', '#임영웅_하나은행모델발탁 ', '#하나은행 ', '#Hanabank ', '#하나스타그램 ', '#Hana', '#영웅은하나 ', '#하나뿐인내편 ', '#내편하나만믿어요', '#임영웅음원강자', '#임영웅독보적가창력', '#임영웅넘사벽아티스트 ', '#임영웅_모래알갱이', '#임영웅_do_or_die ', '#임영웅팬덤_영웅시대', '#영웅시대📸하나은행 유튭🖥️편집lovely_lovelee__']"
34,"드디어👏 임영웅 하나은행 모델가나요👏[EVENT] 하나은행의 새로운 모델 맞추기 퀴즈 이벤트 🔍🎬 하나은행의 새로운 모델과 함께한 광고의 티저 영상을 공개합니다 〰️보일듯 말듯..베일에 가려진 하나은행의 새로운 광고 모델은 과연 누구일까요?[#EVENT] 하나은행의 새로운 모델 맞추기 퀴즈 이벤트 🕺친구를 태그하고 댓글로 함께 새로운 광고 모델이 누구일지 맞춰보세요! 추첨을 통해 특별한 선물을 드릴게요 ✨🎁이벤트기간 : 2024.2.15(목)~2024.2.21(수)🎁당첨자발표 : 2024.2.22(목)🎁당첨자선물 : 1등 [신세계백화점] 신세계 상품권 3만원권 x 5명2등 [배달의민족] 모바일 상품권 1만원권 x 10명3등 [CU] 바리스타룰스 모카프레소 x 20명🎁하나스타그램 팔로우하면 당첨 확률 UP!#하나은행 #Hanabank#하나스타그램 #Hanastagram#하나뿐인내편 #Guesswho?——※ 인스타그램 이벤트 당첨자 선물은 사전 통보 없이 변경될 수 있습니다.※ 인스타그램 사은품은 현금으로 환가 또는 교환이 불가능하며, 모바일 교환권은 연장, 환불, 재발송이 불가합니다.※ 인스타그램 이벤트 관련 문의는 하나은행 인스타그램 DM으로 문의하여 주시기 바랍니다.※ 인스타그램 댓글 이벤트는 2024년 2월 21일까지만 유효합니다.※ 본 홍보물은 법령 및 내부통제기준에 따른 절차를 거쳐 제공됩니다.※ CC브랜드240214-0128#리그램 - @hanabank_official by @get_regrammer",2024-02-15,"['#EVENT] 하나은행의 새로운 모델 맞추기 퀴즈 이벤트 🕺친구를 태그하고 댓글로 함께 새로운 광고 모델이 누구일지 맞춰보세요! 추첨을 통해 특별한 선물을 드릴게요 ✨🎁이벤트기간 : 2024.2.15(목)~2024.2.21(수)🎁당첨자발표 : 2024.2.22(목)🎁당첨자선물 : 1등 [신세계백화점] 신세계 상품권 3만원권 x 5명2등 [배달의민족] 모바일 상품권 1만원권 x 10명3등 [CU] 바리스타룰스 모카프레소 x 20명🎁하나스타그램 팔로우하면 당첨 확률 UP!', '#하나은행 ', '#Hanabank', '#하나스타그램 ', '#Hana', '#하나뿐인내편 ', '#Gue', '#리그램 - @hanabank_official by @get_regrammer']"
35,곳곳에서 반짝이는 임영웅💫  이렇게 전시했구나~~🤭HANA × HERO UNIVERSE ✨️옥외광고 메이킹 필름 #임영웅 #limyoungwoong #하나은행*출처:하나TV#임영웅 #limyoungwoong #하나은행*출처:하나TV,2024-03-08,"['#임영웅 ', '#limyoungwoong ', '#하나은행*출처:하나TV', '#임영웅 ', '#limyoungwoong ', '#하나은행*출처:하나TV']"
36,웅 버럭 도 웅 😜 스럽게 ^^ 🙂🙃바닥 소금 가져가 순대국 에 넣어 드시란다 🤭 ... 🦅 머리 인터뷰 ?! .. ㅋ 🤬#임영웅 #LimYoungWoong #hanabank #하나은행 #영웅은하나 #IMHERO @im_hero____ 🌠@limyoungwoong.official 🌈📸  웅툽 폴라로이드 MV 현장 비하인드,2024-03-03,"['#임영웅 ', '#LimYoung', '#hanabank ', '#하나은행 ', '#영웅은하나 ', '#IMHERO @im_hero____ 🌠@limyoungwoong.official 🌈📸  웅툽 폴라로이드 MV 현장 비하인드']"
37, ,,[]
38,"🕺👍공항에서 환전 받을 때 은행은? 둘도 셋도 아닌 하나! 하나은행! ^^하플콘  전체 무대도 예쁘고,열정 가득한 무대를 보여 준 가수분들 👍 잔나비 의 무대도 👍 하플콘 내년에도 잔나비랑 같이 만나요.@hanabank_official#잔나비 #jannabi #하플콘 #하나플레이리스트콘서트 #하나은행#하플콘최애무대#하나은행환전 #하나은행적금 #잔나비최정훈 #잔나비공연",2023-09-21,"['#잔나비 ', '#jannabi ', '#하플콘 ', '#하나플레이리스트콘서트 ', '#하나은행', '#하플콘최애무대', '#하나은행환전 ', '#하나은행적금 ', '#잔나비최정훈 ', '#잔나비공연']"
39,🕺👍🕺뜨거운 여름밤은 가고 남은 건 볼품있는  #하나플레이리스트콘서트 💚👍최고의 뮤지션 잔나비의 멋진 무대었음멋진 무대 준비해주신하나은행 최고 👍 @hanabank_official#잔나비 #jannabi #하플콘#뜨거운여름밤은가고남은건볼품없지만#잔나비김도형 #잔나비김도형#하플콘최애무대 #하나은행#하나은행적금 #하나은행환전 #잔나비공연 #최고의무대,2023-09-21,"['#하나플레이리스트콘서트 💚👍최고의 뮤지션 잔나비의 멋진 무대었음멋진 무대 준비해주신하나은행 최고 👍 @hanabank_official', '#잔나비 ', '#jannabi ', '#하플콘', '#뜨거운여름밤은가고남은건볼품없지만', '#잔나비김도형 ', '#잔나비김도형', '#하플콘최애무대 ', '#하나은행', '#하나은행적금 ', '#하나은행환전 ', '#잔나비공연 ', '#최고의무대']"
40,..11개월 누적 걸음수가 350만보가 되면 기본금리 1.1% + 2.35% 추가 금리를 주는 하나은행 도전365적금.하루 만보 이상 걸어야 하는게 쉽지 않은 일인데..무려 667만보 ㅋㅋㅋㅋ이것이 마라토너 걸음수의 클라스2.35% 알뜰하게 챙겼습니다😎.#하나은행적금#도전365적금#마라토너적금#고생해서얻은금리,2019-08-24,"['#하나은행적금', '#도전365적금', '#마라토너적금', '#고생해서얻은금리']"
41,민성이 통장만들기👏🏻 하나는 돈생길때마다 넣어주려고 만들고 하나는 첫거래고객은 3% 금리라길래 얼른 적금 들어줌 엄마아빠가 민성이돈 받은거 다 넣어서 나중에 돌려줄게💸 #엄마주거래은행신한은행 #하나은행적금 #해피적금 #3% #부자되자 #육아 #돈모으기,2016-10-18,"['#엄마주거래은행신한은행 ', '#하나은행적금 ', '#해피적금 ', '#3% ', '#부자되자 ', '#육아 ', '#돈모으기']"
42,☆ 고금리 적금 꿀정보 공유!! ☆⠀꿀정보 공유하는 우주맘이 좋은 정보 알아왔지요! 👍🏻2월3일~2월5일까지 하나은행에서5.01%의 적금 가입이 가능합니다!!!(사진에 숫자 오타에요. 5.01% 입니다)⠀네이버 실시간 1위까지 뜰 정도로 핫했는데모르시는 분들 계신 것 같아서 정보 공유해요♡⠀✔어플이나 온라인 가입시에만 적용되는 금리라서창구 직접 방문이나 고객센터는 제외되요.(어플에서 하나원큐를 설치하세요.)✔ 1년짜리!!✔ 월 10만~월30만원까지만✔ 1인 1개 가능✔ 하나은행 계좌에서 이 적금으로 자동이체 해두셔야최종 5.01% 금리 가능!⠀2월 5일까지니까 관심있으신 분들은놓치지말고 꼭!!! 적금 가입하세요^-^넘 꿀정보라서 공유해요!!선착순아니고 기간내에 가입하는 분들 모두 가능이래요^^⠀⠀어플 접속하시면 종일 저렇게 대기인원수가 뜨긴하는데어플 켜두고 기다리시면 접속됩니다.지금 시간에는 사람이 안 몰리니까새벽시간을 노리세요! 바로 접속되네요. ㅎㅎ올해는 저축 많이 많이 합시다!⠀⠀⠀#은행적금 #고금리적금 #하나더적금 #하나은행 #하나은행적금 #네이버실검1위 #부자되세요 #저축습관 #저축하자 #똑똑한엄마 ##야물딱,2020-02-03,"['#은행적금 ', '#고금리적금 ', '#하나더적금 ', '#하나은행 ', '#하나은행적금 ', '#네이버실검1위 ', '#부자되세요 ', '#저축습관 ', '#저축하자 ', '#똑똑한엄마 ', '#야물딱']"
43,#펫보험 #펫사랑보험 #하나은행적금#펫적금올해도들었다#DB손해보험 과 함께하는 사고시 배상보험가능#우리뚱이적금,2022-07-13,"['#펫보험 ', '#펫사랑보험 ', '#하나은행적금', '#펫적금올해도들었다', '#DB손해보험 과 함께하는 사고시 배상보험가능', '#우리뚱이적금']"
44,"하,, 하나은행에 적금 만들러갔다가 대기인원보고 한치의 망설임도 없이 나왔어여 🙄 지금 저 통장 만드는 사람은 위너 라던데 대다나닷🤪🤪---#주아르 #하나은행적금 #여리티 #트임연청데님 #ootd  내일업뎃💙",2020-02-05,"['#주아르 ', '#하나은행적금 ', '#여리티 ', '#트임연청데님 ', '#ootd  내일업뎃💙']"
45,별이 첫 적금-:)엄마아빠가 별이를 위한 통장을 만들었어작은 돈이지만 차곡차곡 모아서나중에 크면 좋은곳에 사용할게♡. #출산 #육아 #일상 #2017년2월7일 #58일 #생후58일#육아전쟁 #육아천국 #1개월 #공유#육아일기 #육아일상 #아들스타그램 #1개월아기 #육아소통 #대전맘#첫째맘 #육아소통그램 #첫째아들 #태명은별이 #원숭이띠아기 #원숭이띠🐵 #육아스타그램 #별이스타그램 #적금 #첫적금 #아기적금 #정하준사랑해적금 #하나은행 #하나은행적금,2017-10-31,"['#출산 ', '#육아 ', '#일상 ', '#2017년2월7일 ', '#58일 ', '#생후58일', '#육아전쟁 ', '#육아천국 ', '#1개월 ', '#공유', '#육아일기 ', '#육아일상 ', '#아들스타그램 ', '#1개월아기 ', '#육아소통 ', '#대전맘', '#첫째맘 ', '#육아소통그램 ', '#첫째아들 ', '#태명은별이 ', '#원숭이띠아기 ', '#원숭이띠🐵 ', '#육아스타그램 ', '#별이스타그램 ', '#적금 ', '#첫적금 ', '#아기적금 ', '#정하준사랑해적금 ', '#하나은행 ', '#하나은행적금']"
46,온 가족 #하나더적금 들기.... 일년 뒤 이자로 뭘 할까? #소소한행복...#하나은행적금#적금추천#목돈만들기#직장인그램#남매맘그램#직장인재테크#적금상품#적금재테크#은행금리,2020-02-05,"['#하나더적금 들기.... 일년 뒤 이자로 뭘 할까? ', '#소소한행복...', '#하나은행적금', '#적금추천', '#목돈만들기', '#직장인그램', '#남매맘그램', '#직장인재테크', '#적금상품', '#적금재테크', '#은행금리']"
47,내일까지 특판!하나원큐다운받고입출금통장계설후돈입금(계좌이체시키고)적금-하나더적금상품신청난.. 에러나서..방문해서..ㅋㅋ잇다보자 은지야ㅋㅋㅋ#하나은행적금#하나은행5프로#하나더적금#5프로적금#비대면적금#성서창구직원추천#성서지점김은지,2020-02-03,"['#하나은행적금', '#하나은행5프로', '#하나더적금', '#5프로적금', '#비대면적금', '#성서창구직원추천', '#성서지점김은지']"
48,"가입했던 적금이 만기가 되서새 적금 상품으로 가입했어요!.이번에 선택한 상품은 복리적금입니다!.적금에도 복리 상품이 있다는 사실 알고 계셨나요?.단리는 매월 원금에 이자를 주지만복리는 원금에 붙은 이자에도 이자를 준다는사실!.닭이 매일 하나의 알을 줄수도 있지만닭이 낳은 알을 부화시켜서 닭이되면 알이 2개로 늘어나는 것처럼!복리는 이자에 이자를 주는 상품입니다!.고금리 상품이나 다른 상품들을 가입하려니 새로 가입 해야하고고금리 적금은 카드 발급하고 써야해서....기존 거래를 유지하는 범위내에서 금리가 높은 상품으로 선택했어요!.물론 금리 우대나 가입요건이 있지만다른 상품들에 비해 여유로운(?)상품입니다.가입기간은 1~3년, 금액도 1만원부터 150만원까지(분기한도)더라구요.급여, 카드 대금, 관리비, 공과금, 청약 등 거래실적 요건도 다양한 편입니다..돈을 불리는 것도 중요하지만나의 피, 땀, 눈물로 열심히 모은 돈을 지키는 것도 중요합니다 :D",2020-12-16,[]
49,#하나은행하나더적금 성공!!! 그 어렵다는걸 해냈네요ㅜ계속 오류나고 팅겨져서 나오고ㅠ끈질기게 해서 간신히 마감 5시전에 아슬아슬 성공했어요ㅎㅎㅎ 이게 뭐라고;;#하나더적금성공 #하나은행적금,2020-02-05,"['#하나은행하나더적금 성공!!! 그 어렵다는걸 해냈네요ㅜ계속 오류나고 팅겨져서 나오고ㅠ끈질기게 해서 간신히 마감 5시전에 아슬아슬 성공했어요ㅎㅎㅎ 이게 뭐라고;;', '#하나더적금성공 ', '#하나은행적금']"
50,"연 5,500,000 만보  대략 하루 15,000 보추가 이율 2.35% 는 덤!#걷기운동 #하나은행적금",2021-06-10,"['#걷기운동 ', '#하나은행적금']"
51,.적금들 만기이자 진짜 간지럽네요이제 가입 할 적금이 없음.#카카오26주적금#하나은행적금#카카오자유적금#다추가납입했어요#저축개미#뭐사달라고하지마세요#적금으로집못삼#역시동행,2021-08-22,"['#카카오26주적금', '#하나은행적금', '#카카오자유적금', '#다추가납입했어요', '#저축개미', '#뭐사달라고하지마세요', '#적금으로집못삼', '#역시동행']"
52,4.3%이자로 만든 하나은행 적금통장🙂 작년같은 대란은 나올지 안나올지도 모르고 야박한 금리땜에 고민고민하다가 선택한 적금💰탯줄도장으로 첫 통장 만들어서 더 의미있는 통장🤭 차곡차곡 모아줄게 성인되면 아인이 하고싶은거 해🧡..#울산 #양산 #서창 #아기 #아가 #베이비 #아기적금 #적금 #아가적금 #아이적금 #하나은행 #하나은행적금 #아동수당적금 #하나아동수당적금 #청약통장 #청약 #김아인 #김라봉,2019-11-13,"['#울산 ', '#양산 ', '#서창 ', '#아기 ', '#아가 ', '#베이비 ', '#아기적금 ', '#적금 ', '#아가적금 ', '#아이적금 ', '#하나은행 ', '#하나은행적금 ', '#아동수당적금 ', '#하나아동수당적금 ', '#청약통장 ', '#청약 ', '#김아인 ', '#김라봉']"
53,하나은행 특판 들러왔는데타지역보단 대기수가 작아서 기달리는중적금은 습관이 중요해서 그냥 기분상 높은 금리 들지만 ㅋㅋ 막상 이자 따져보고 하면 얼마 안되는것🤣유하꺼 만기됐으니 이번에도 저금하자🥰,2020-02-05,[]
54,".하나은행, 오픈 하자마자 대기인 17명. ㅎㄷㄷ.어제 2시간 기다려서 휴면계좌 풀었는데 적금 가입하려고 보니 비번 모름... 아놔.. 3번 틀리고 아침에 바로 은행행 ㅋ..이틀만에 가입 완료!8만원 벌기 너무 힘들다........#하나은행 #하나은행적금 #하나은행적금특판 #은행오픈전 #대기실화냐 #어쨌든성공 #풍차돌리기 #소확행 #일상 #선팔하면맞팔가요",2020-02-05,"['#하나은행 ', '#하나은행적금 ', '#하나은행적금특판 ', '#은행오픈전 ', '#대기실화냐 ', '#어쨌든성공 ', '#풍차돌리기 ', '#소확행 ', '#일상 ', '#선팔하면맞팔가요']"
55,#셀스타그램#얼스타그램#셀피#selfie#셀카#ootd#데일리#업뎃#맞팔#소통#좋아요#일상#daily#하나은행#적금#예금#하나은행적금#대한민국만세#대한민국만세적금#삼둥이지난주 축구장갔을때 알게된 대한민국만세적금나도 요 통장 가지고싶어서 적금들고옴 💕#귀여워 😍😍나름 적금통장 5개있는 계획성있는 여자 💄,2015-04-10,"['#셀스타그램', '#얼스타그램', '#셀피', '#셀카', '#ootd', '#데일리', '#업뎃', '#맞팔', '#소통', '#좋아요', '#일상', '#daily', '#하나은행', '#적금', '#예금', '#하나은행적금', '#대한민국만세', '#대한민국만세적금', '#삼둥이지난주 축구장갔을때 알게된 대한민국만세적금나도 요 통장 가지고싶어서 적금들고옴 💕', '#귀여워 😍😍나름 적금통장 5개있는 계획성있는 여자 💄']"
56,"데코뷰 X KEB하나은행 제휴적금 특별금리 이벤트데코뷰 회원을 위한 선물같은 최대금리 ""연 3%"" 제휴적금을 만나보세요.비대면 계좌개설 서비스로 모바일로 쉽게 가입할 수 있으며자유적립식으로 적금 액수에 대한 부담을 줄인 상품입니다. 데코뷰 특별 제휴적금에 대한 더 자세한 정보 보러가기 ▼데코뷰 온라인몰 EVENT 게시판Www.decoview.co.kr",2020-01-31,[]
57,⠀⠀생후 208일⠀예쁜 꼬까옷 샀는데 입고 나갈일이 없네ㅠㅠ코로나 터지기 전주에 산거당200일 촬영하고자 산건데ㅜㅜ 집에서만 입고 있으니넘 안타까워ㅠㅠ이와중에 너무 예뻐서..... 심장폭행이야😍😍사랑해 울 소이❤️ 이렇게 밝게 자라줘💕⠀#방콕 #예쁜드레스 #아기드레스 #드레스샵 #모이몰른 #모이몰른원피스,2020-02-04,"['#방콕 ', '#예쁜드레스 ', '#아기드레스 ', '#드레스샵 ', '#모이몰른 ', '#모이몰른원피스']"
58,#첫줄빠이하나은행  적금을 들었더니 꽃을든 무민 저금통 선물이 왔다😀내 책상에 한쪽편에 자리잡은 무민!누나가 동전 배불리 먹여주께♡#하나은행적금 #꽃을든무민 #텐바이텐 #한정상품 #귀요미 #무민 #저금통 #동전주세욤 #👐,2017-07-19,"['#첫줄빠이하나은행  적금을 들었더니 꽃을든 무민 저금통 선물이 왔다😀내 책상에 한쪽편에 자리잡은 무민!누나가 동전 배불리 먹여주께♡', '#하나은행적금 ', '#꽃을든무민 ', '#텐바이텐 ', '#한정상품 ', '#귀요미 ', '#무민 ', '#저금통 ', '#동전주세욤 ', '#👐']"
59,#나도만들었다하나은행에서 오늘까지 3일간 한시적으로 판매한 적금  #하나더적금 .금리 5.01% 라는 보기힘든 상품인지라 많은 분들이 가입하고 대기시간만 몇시간 걸렸 다더군요저는 누군가가 버린 번호표 덕분에  1시간30분을 기다린 끝에 만들었네요..#하나은행 #하나더적금 #하나은행적금 #높은이율 #대기 #엄청긴시간대기 #대기하다죽을뻔 #번호표 #집에갔다옴 #주운번호표 #은행업무 #은행볼일 #은행일 #인터넷뱅킹 #모바일뱅킹 ##풍차돌리기 #목돈마련 #재테크 #적금 #허리띠졸라매기#일상 #데일리 #평범한 #주부스타그램,2020-02-05,"['#나도만들었다하나은행에서 오늘까지 3일간 한시적으로 판매한 적금  ', '#하나더적금 .금리 5.01% 라는 보기힘든 상품인지라 많은 분들이 가입하고 대기시간만 몇시간 걸렸 다더군요저는 누군가가 버린 번호표 덕분에  1시간30분을 기다린 끝에 만들었네요..', '#하나은행 ', '#하나더적금 ', '#하나은행적금 ', '#높은이율 ', '#대기 ', '#엄청긴시간대기 ', '#대기하다죽을뻔 ', '#번호표 ', '#집에갔다옴 ', '#주운번호표 ', '#은행업무 ', '#은행볼일 ', '#은행일 ', '#인터넷뱅킹 ', '#모바일뱅킹 ', '#풍차돌리기 ', '#목돈마련 ', '#재테크 ', '#적금 ', '#허리띠졸라매기', '#일상 ', '#데일리 ', '#평범한 ', '#주부스타그램']"
60,#첫줄 평창 올림픽. 화이팅 ^^4위권에 들면 하나은행 예금 / 적금 이자 우대된데요 __#하나은행적금 #하나된평창적금 #귀요미아들 #사랑해아들 #borntobeawesome,2018-02-06,"['#첫줄 평창 올림픽. 화이팅 ^^4위권에 들면 하나은행 예금 / 적금 이자 우대된데요 __', '#하나은행적금 ', '#하나된평창적금 ', '#귀요미아들 ', '#사랑해아들 ', '#borntobeawe']"
61,ㅋㅋ 실화냐?!간만에 적금하나 할까했드만..ㅜㅜ어렵구려~~~ㅋ#하나은행 #keb하나은행 #하나은행적금 #춥다 #실화냐,2020-02-05,"['#하나은행 ', '#keb하나은행 ', '#하나은행적금 ', '#춥다 ', '#실화냐']"
62,#적금#하나더적금#하나은행적금5프로래요 들어보아요1년동안 김치만 먹고 살죠뭐 ㅋㅋ,2020-02-05,"['#적금', '#하나더적금', '#하나은행적금5프로래요 들어보아요1년동안 김치만 먹고 살죠뭐 ㅋㅋ']"
63,20200203에듀테이블 넘나좋아한당ㅋㅋㅋㅋ음악만 나오면 언제든 흔들흔들💃흥부자서혀닝 ㅋㅋㅋ ..이날 하나은행 적금대란에 합류함5프로대 찾기힘든데 대박이다이제 슬슬 일해야할 것같은데걱정이된다ㅜㅜ맘에드는 어린이집이 없음😭..#맘스타그램#에듀테이블#아기스타그램#하나은행적금#더적금#일해야함#어린이집#육아일상#육아소통#재택근무#재테크#육아소통#일상#소통,2020-02-15,"['#맘스타그램', '#에듀테이블', '#아기스타그램', '#하나은행적금', '#더적금', '#일해야함', '#어린이집', '#육아일상', '#육아소통', '#재택근무', '#재테크', '#육아소통', '#일상', '#소통']"
64,"적금 5.1프로 출시!(하나은행)⠀오늘 운동하러 갔더니 거기 언니 한분이한참을 핸드폰을 하시더니 드디어 가입했다고(저도 어제 보니 대기자가 어마어마..)⠀월30만원한도예요.1년이면 360만원이고, 이자가 5.1프로니이자가 18만원 (세전) 정도 되겠네요.⠀물로 이것도 큰 돈인데,저는 제가 하고 있는 사진재테크 생각이 나더라구요.⠀가입하려고 몇만명씩 대기하는 적금도 1년을 30만원씩 부어야 나오는 돈을,저는 하루 5천원씩 한달만에 받고 있으니까요.⠀사진재테크는요,재테크니까 초기비용이 있어요.은행에도 돈을 넣어야 이자를 주잖아요.⠀만원단위로 빼 쓰실 수도 있구요,이 돈을 빼서 적금을 드셔도 좋죠.매달 15만원씩, 1년이면 180만원을 받을 수 있어요.⠀궁금하신 분은 언제든지댓글/오픈쳇/디엠 주세요⠀친절 상담 해드릴게요 ^^⠀⠀#사진재테크 #하나은행 #하나은행적금 #고금리적금 #재테크 #재택알바 #재택부업 #저금 #적금 #아기통장 #적금통장 #티끌모아태산⠀⠀공구✪쇼핑몰 창업,사진✪영수증 재테크👉프로필 링크 클릭/디엠 @el_market31🎁엘마켓 상품 둘러보기 @elsalife31⠀",2020-02-04,"['#사진재테크 ', '#하나은행 ', '#하나은행적금 ', '#고금리적금 ', '#재테크 ', '#재택알바 ', '#재택부업 ', '#저금 ', '#적금 ', '#아기통장 ', '#적금통장 ', '#티끌모아태산⠀⠀공구✪쇼핑몰 창업']"
65,사랑스룹다.내똥꾸🥰곤히 대짜로 뻗은 막둥이 옆에서 열심히 숨쉬기운동하며 차분한 맘으로서버오류 몇번을 이겨내고 적금가입완료#하나은행적금 #5%대적금 #이건꼭해야해 #놓치지마세요😉 #단3일동안만푼답니다#오늘인가내일까지만가능#티끌모아태산 #없는돈쪼개고쪼개서 #덜쓰고최대한아껴쓰고#여기저기든적금에열심히모아#짧지만만기될때찾는그뿌듯함#제가한번누려볼께여,2020-02-04,"['#하나은행적금 ', '#5%대적금 ', '#이건꼭해야해 ', '#놓치지마세요😉 ', '#단3일동안만푼답니다', '#오늘인가내일까지만가능', '#티끌모아태산 ', '#없는돈쪼개고쪼개서 ', '#덜쓰고최대한아껴쓰고', '#여기저기든적금에열심히모아', '#짧지만만기될때찾는그뿌듯함', '#제가한번누려볼께여']"
66,#임영웅 #히어로#물고기뮤직 #정규앨범 #다시만날수있을까 #우리들의블루스 #무지개 #인생찬가 #아버지 #연애편지 #보금자리 #Polaroid #Londonboy #더블싱글20221115 #20231009 #Doordie #대한민국축구 #손흥민 #축덕카드 #하나은행 #hanabank #언제가는🩵🩵🩵🩵🩵@im_hero____아흔여덞밤자고,2024-02-16,"['#임영웅 ', '#히어로', '#물고기뮤직 ', '#정규앨범 ', '#다시만날수있을까 ', '#우리들의블루스 ', '#무지개 ', '#인생찬가 ', '#아버지 ', '#연애편지 ', '#보금자리 ', '#Polaroid ', '#Londonboy ', '#더블싱글20221115 ', '#20231009 ', '#Doordie ', '#대한민국축구 ', '#손흥민 ', '#축덕카드 ', '#하나은행 ', '#hanabank ', '#언제가는\U0001fa75\U0001fa75\U0001fa75\U0001fa75\U0001fa75@im_hero____아흔여덞밤자고']"
67,"<K리그 x 하나은행 : 축덕카드 디자인 공모전> 개인 참여작전술판에서 모티브를 얻은 화살표는 'K league'의 'K'와 '축구 팬(fan)'의 'F'을 서로 이어줍니다.축구경기를 즐겁게 관람하는 K리그 팬들의 머릿속을 상상하여, 전술판의 형태를 빌려 시각화했습니다....#graphicdesign #design #art #illustration #graphicdesigner #photoshop #posters #typography #digitalart #artwork #graphic #designer #illustrator #artist #branding #designinspiration #music #graphics #creative #likesforlike #carddesign #creditcard #디자인 #카드디자인#k리그 #축덕카드",2024-04-30,"['#graphicde', '#de', '#art ', '#illu', '#graphicde', '#photo', '#po', '#typography ', '#digitalart ', '#artwork ', '#graphic ', '#de', '#illu', '#arti', '#branding ', '#de', '#mu', '#graphic', '#creative ', '#like', '#cardde', '#creditcard ', '#디자인 ', '#카드디자인', '#k리그 ', '#축덕카드']"
68,내가 6월만 애타게 기다리는 이유#축구 #축덕 #축덕카드 #축덕스타그램 #축구덕질 #축구대표팀 #축구A매치 #축구경기 #축구유니폼 #서울월드컵경기장 #축구스타그램 #축구직관 #직관스타그램 #축구직관⚽ #붉은악마 #축구선수덕질,2024-04-30,"['#축구 ', '#축덕 ', '#축덕카드 ', '#축덕스타그램 ', '#축구덕질 ', '#축구대표팀 ', '#축구A매치 ', '#축구경기 ', '#축구유니폼 ', '#서울월드컵경기장 ', '#축구스타그램 ', '#축구직관 ', '#직관스타그램 ', '#축구직관⚽ ', '#붉은악마 ', '#축구선수덕질']"
69,[K리그 X 하나은행 : 축덕카드 디자인 공모전]’일상생활부터 축구장까지 혜택이 함께하는 단 하나의 카드‘ K리그 축덕카드 시즌2 출시를 위해 디자인 공모전을 개최합니다 🎉K리그 팬들의 필수품인 축덕카드 디자인에 직접 참여해보세요! ✔ 제출기간 : 2023년 12월 27일(수) ~ 2024년 1월 12일(금)✔ 참여방법 : K리그 인스타그램 프로필 링크 또는 K리그 공식 홈페이지 배너 'K리그 축덕카드 디자인 공모전'✔ 수상작 발표 : 2024년 1월 17일(수) ※ 당선자 대상 개별 발표✔ 수상작 상금 : 500만원 (1명)#KLEAGUE #K리그 #하나은행 #하나카드#축덕카드 #시즌2 #디자인공모전,2023-12-27,"['#KLEAGUE ', '#K리그 ', '#하나은행 ', '#하나카드', '#축덕카드 ', '#시즌2 ', '#디자인공모전']"
70,"축덕, 축구덕후 아님 #축덕카드 #축덕 그런데 축덕카드 만듦. 축구 안 좋아하는데 FC서울 유니폼 많고, 유니폼으로 민든 토트백, 숄더백 등 여러가지 가방 많음. 으흐...축구는 안 보는데 우리 FC서울에 린가드 형님이 입단해서 좋음 #lgtwinsfan #체크카드디자인 카드 예쁘네!",2024-02-08,"['#축덕카드 ', '#축덕 그런데 축덕카드 만듦. 축구 안 좋아하는데 FC서울 유니폼 많고', '#lgtwin', '#체크카드디자인 카드 예쁘네!']"
71,"카드뉴스는 살면서 처음 만들어본다ㅠㅠㅠㅠ..😢 좋아요 많이 눌러주세여💕🙏흑흑.. ⚽️축구에 관심있는 사람들 주목⚽️ '쌓고 쌓고, 마침내 SOCCER' 축덕카드와 함께 일상에 축구를 쌓고! 다양한 혜택도 쌓고! 안녕하세요! 영하나 마케팅 크루 1기, 이화여대 PR학회 이프리스팀입니다.혹시 축구팬이 안 쓰면 손해라는 카드, 다들 알고 계신가요? KEB하나은행의 야심작, '축덕카드'를 소개합니다👏K-리그 직관부터 탐나는 굿즈까지 할인되는 축덕카드! 축구 경기 볼 때만 좋은 거 아니죠😇 쇼핑, 문화생활에도 통 크게 적립됩니다😇축덕이라면 탐나는 이 카드 발급 받고싶으신가요? 지금 이 자리에서, 핸드폰만 있으면 쉽고, 빠르고, 간편하게 가입할 수 있는 축덕카드! '축덕 카드 발급 안내서'를 참고하여 발급 방법 바로 확인하세요🔥#keb하나은행 #KEB하나은행 #영하나 #영하나마케팅크루 #축덕카드",2019-04-09,"['#keb하나은행 ', '#KEB하나은행 ', '#영하나 ', '#영하나마케팅크루 ', '#축덕카드']"
72,"#Repost @kleague with @make_repost・・・[K리그 축덕카드] 올 해에도 혜택은 계속된다!발급안내와 자세한 혜택이 궁금하다면?검색창에 ""K리그 축덕카드""를 검색하세요!_#K리그 #KLEAGUE #축덕카드 #하나은행 #K리그축덕카드축덕들 모두 모여라!! 축덕님들! 설마 해지했던 것은 아니죠?????",2020-02-19,"['#Repo', '#K리그 ', '#KLEAGUE ', '#축덕카드 ', '#하나은행 ', '#K리그축덕카드축덕들 모두 모여라!! 축덕님들! 설마 해지했던 것은 아니죠?????']"
73,원정용 K리그 축덕카드#K리그#축덕카드#FC서울,2019-03-17,"['#K리그', '#축덕카드', '#FC서울']"
74,191006#K리그 #슈퍼매치 #하나원큐k리그2019 #축덕카드 로 경기티켓 6천원 할인 받음 ㅎ이것이 진정 축덕인가!? 장모님이 손자를 생각해 아침부터 정성스레싸주신 #김밥친구들도 배가 불러도 손이 자꾸만 간다며그 맛을 인정한 #용성통닭 #겨자소스 #닭통집튀김 은 또다른 별미!#박주영 #염기훈 #베테랑의품격 오랜만에 목 놓아 불러본다 #밥송#이명주 #FC서울 #승리서울#슈퍼매치16경기무패 #오늘도이긴다,2019-10-06,"['#K리그 ', '#슈퍼매치 ', '#하나원큐k리그2019 ', '#축덕카드 로 경기티켓 6천원 할인 받음 ㅎ이것이 진정 축덕인가!? 장모님이 손자를 생각해 아침부터 정성스레싸주신 ', '#김밥친구들도 배가 불러도 손이 자꾸만 간다며그 맛을 인정한 ', '#용성통닭 ', '#겨자소스 ', '#닭통집튀김 은 또다른 별미!', '#박주영 ', '#염기훈 ', '#베테랑의품격 오랜만에 목 놓아 불러본다 ', '#밥송', '#이명주 ', '#FC서울 ', '#승리서울', '#슈퍼매치16경기무패 ', '#오늘도이긴다']"
75,_축덕카드 만듦없어진줄 알고 아예 신경안쓰고 있었는데 없어진건 오일뱅크 k리그 적립카드였구연~하나인게 존니 맘에 안들지만 저새끼들 이득 안되게 뽕뽑아먹을거임#축덕카드,2022-08-31,['#축덕카드']
76,원정 경기때 티켓값 할인 받을수 있는 축덕카드 이번에 새로 나온 디자인 카드로 재발급#하나은행 #체크카드 #축덕카드 #k리그,2024-04-12,"['#하나은행 ', '#체크카드 ', '#축덕카드 ', '#k리그']"
77,D-day 5일 후면 홈 개막전 시작!!! 이 카드를 본격적으로 사용할 시기가 온다!!!!#하나은행 #축덕카드 #k리그2 #부천fc1995 #안양fc #안산그리너스fc #수원삼성블루윙즈 #성남fc #충남아산프로축구단 #천안시티fc #전남드래곤즈 #경남fc #부산아이파크 #서울이랜드fc #충북청주fc #김포fc,2024-02-26,"['#하나은행 ', '#축덕카드 ', '#k리그2 ', '#부천fc1995 ', '#안양fc ', '#안산그리너스fc ', '#수원삼성블루윙즈 ', '#성남fc ', '#충남아산프로축구단 ', '#천안시티fc ', '#전남드래곤즈 ', '#경남fc ', '#부산아이파크 ', '#서울이랜드fc ', '#충북청주fc ', '#김포fc']"
78,⚽여보님의 취미생활에..온가족이 총출동!!집에서 볼땐 지루하고 잼없었는데..역시 직접 와서 보니 꿀잼😆😆전반 벌써 2골~⚽귿👍🏻..#여보님의취미생활#축구관람#안산그리너스fc #k리그#전반전#2대0#축덕카드#축구덕후#와스타디움,2021-06-27,"['#여보님의취미생활', '#축구관람', '#안산그리너스fc ', '#k리그', '#전반전', '#2대0', '#축덕카드', '#축구덕후', '#와스타디움']"
79,휴무도 바꿨는데 뽑아주세요🙏🏻 #하나원큐팀k리그 #축덕카드,2019-07-21,"['#하나원큐팀k리그 ', '#축덕카드']"
80,.성남은....이기겠지...?😢니가가라 K2....🤔...#내일 #성남원정 #웃겠지 #🤔🤔🤔 .#만세삼창 #하고 #돌아오고 #싶다 .#축덕카드 #처음으로 #쓰는날 #3천원 #할인 #땡큐 .#노빠꾸 #축구 #가끔은 #빠꾸해도 #될거같은데 .#수원삼성 #수원블루윙즈 #🔵⚪️🔴 .,2019-03-15,"['#내일 ', '#성남원정 ', '#웃겠지 ', '#🤔🤔🤔 .', '#만세삼창 ', '#하고 ', '#돌아오고 ', '#싶다 .', '#축덕카드 ', '#처음으로 ', '#쓰는날 ', '#3천원 ', '#할인 ', '#땡큐 .', '#노빠꾸 ', '#축구 ', '#가끔은 ', '#빠꾸해도 ', '#될거같은데 .', '#수원삼성 ', '#수원블루윙즈 ', '#🔵⚪️🔴 .']"
81,수년간 한국축구를 후원해주는 하나은행 심지어 경기관람 할인카드도 있다는 사실 ~티켓 할인도 좋지만 그냥 카드 자체가 귀여움 ~할인폭은 신용카드에 비해 조금 적지만 내 금융 스타일에 맞게 K리그 축덕 체크카드 발급 받았다 !(배송기사분과 시간조율 불가로 배송사무실 가서 받은건 안 비밀)#하나은행K리그축덕카드 #K리그축덕카드 #축덕카드 #발급인증 #국내축구찐팬 #찐팬인증 #축구에미치다 #국내축구에미치다 #211007,2021-10-08,"['#하나은행K리그축덕카드 ', '#K리그축덕카드 ', '#축덕카드 ', '#발급인증 ', '#국내축구찐팬 ', '#찐팬인증 ', '#축구에미치다 ', '#국내축구에미치다 ', '#211007']"
82,#하나카드 #축덕 #축덕카드 #K리그 #K리그축덕카드 #귀욤귀욤,2019-03-13,"['#하나카드 ', '#축덕 ', '#축덕카드 ', '#K리그 ', '#K리그축덕카드 ', '#귀욤귀욤']"
83,우리얀 하투봐라💙_#수원블루윙즈 #데얀#KEB하나은행 #KLEAGUE #K리그#축덕카드 #축덕들아 #축카해,2019-03-07,"['#수원블루윙즈 ', '#데얀', '#KEB하나은행 ', '#KLEAGUE ', '#K리그', '#축덕카드 ', '#축덕들아 ', '#축카해']"
84,#하나은행 #k리그 #축덕카드 #미디어데이 야호💳💸나오면 발급받으세요💙#이공일구나의케이리그,2019-02-26,"['#하나은행 ', '#k리그 ', '#축덕카드 ', '#미디어데이 야호💳💸나오면 발급받으세요💙', '#이공일구나의케이리그']"
85,🇰🇷LEE KANG IN마요르카🔜PSG(파리 생제르망)좋았어!!!! 곧이구만,2023-07-04,[]
86,".2019.05.04K LEAGUE1 10ROUND성남vs전북 0:0.김희곤 니가 1부리그 주심보는게 어이없다성남 텐백 예상했지만 너무한거아님? ㅋㅋ 전반엔 좀하는가싶더만.. 걍 엉덩이 뒤로빼고 적극적이지도않고 달라들도않고...이런 성남상대로 전술은 진즉 바꿔야지 교체타이밍 매번 너무 늦게 가져간다....성남종합운동장 10년만이고 원정팬많이왔는데. 아쉽다다시만나반갑긴 하지만 남기일 감독 성남팬 떠나게는 하지마라 ㅋㅋ그나저나 섭터석오신 홍정남, 잘생겼어 진짜...KEB하나은행 축덕카드 2명까지 할인!오늘 첫 개시 ㅋ..#K리그 #아시아챔피언 #K리그챔피언 #전북현대 #최강전북 #전북FC #리딩클럽 #MADCREW #MGB #MADGREENBOYS #광크루 #VAR골취소 #등드링 #미니언즈데이 #K리그주심들진짜 #축덕카드",2019-05-04,"['#K리그 ', '#아시아챔피언 ', '#K리그챔피언 ', '#전북현대 ', '#최강전북 ', '#전북FC ', '#리딩클럽 ', '#MADCRE', '#MGB ', '#MADGREENBOYS ', '#광크루 ', '#VAR골취소 ', '#등드링 ', '#미니언즈데이 ', '#K리그주심들진짜 ', '#축덕카드']"
87,소장용이 되버렸지 뭐야 ..#축덕카드#무관중#k리그,2020-08-22,"['#축덕카드', '#무관중', '#k리그']"
88,°축구 보기에 좋은 날씨와 경기장이였다홍철 오른발👍#수원블루윙즈 #프렌테트리콜로 #홍철 #타가트 #수원삼성 #원정 #축구원정 #수원삼성블루윙즈 #블루윙즈 #k리그 #축구직관 #직관 #축구 #축덕 #축덕카드 #창원축구센터 #경남 #주말 #일상 #무승부,2019-04-20,"['#수원블루윙즈 ', '#프렌테트리콜로 ', '#홍철 ', '#타가트 ', '#수원삼성 ', '#원정 ', '#축구원정 ', '#수원삼성블루윙즈 ', '#블루윙즈 ', '#k리그 ', '#축구직관 ', '#직관 ', '#축구 ', '#축덕 ', '#축덕카드 ', '#창원축구센터 ', '#경남 ', '#주말 ', '#일상 ', '#무승부']"
89,날씨가 추웠던 첫 원정경기⚽️머플러 없었음 큰일날뻔했다😂#20240317 이겨서 더 재미있었던 수원삼성블루윙즈🔥이 분위기 그대로 가보자🔵⚪️🔴--#수원삼성블루윙즈 #🔵⚪️🔴 #원정경기 #직관 #와스타디움 #축구장 #축덕카드 #축구스타그램,2024-03-18,"['#20240317 이겨서 더 재미있었던 수원삼성블루윙즈🔥이 분위기 그대로 가보자🔵⚪️🔴--', '#수원삼성블루윙즈 ', '#🔵⚪️🔴 ', '#원정경기 ', '#직관 ', '#와스타디움 ', '#축구장 ', '#축덕카드 ', '#축구스타그램']"
90,#축덕카드 #K리그축덕카드 #2019시즌유니폼 #축카,2019-03-10,"['#축덕카드 ', '#K리그축덕카드 ', '#2019시즌유니폼 ', '#축카']"
91,"#하나원큐팀k리그 #축덕카드 함께 가자,",2019-07-21,"['#하나원큐팀k리그 ', '#축덕카드 함께 가자']"
92,#이공일구나의케이리그 이거 말곤 더 말할것도 없는 감사의 2019년#축덕카드 #케이리그 💙🙏🏻🔥,2019-11-19,"['#이공일구나의케이리그 이거 말곤 더 말할것도 없는 감사의 2019년', '#축덕카드 ', '#케이리그 💙🙏🏻🔥']"
93,#백마흔아홉번째 #인스타그램 #축스타그램 #축덕카드 #축스타그램 #하나은행1Q #K리그 #4라운드 #수원삼성블루윙즈 #인천유나이티드 #빅버드 #프렌테트리콜로 #🔵⚪🔴 #조원희#축덕카드로티켓할인받고#인천을삼대일로이겼다아,2019-03-31,"['#백마흔아홉번째 ', '#인스타그램 ', '#축스타그램 ', '#축덕카드 ', '#축스타그램 ', '#하나은행1Q ', '#K리그 ', '#4라운드 ', '#수원삼성블루윙즈 ', '#인천유나이티드 ', '#빅버드 ', '#프렌테트리콜로 ', '#🔵⚪🔴 ', '#조원희', '#축덕카드로티켓할인받고', '#인천을삼대일로이겼다아']"
