,content,data,tags
0,고민하다 결국 가입ㅋㅋㅋㅋ..#skwyverns #sk와이번스 #goforv4 #V4 #가을야구 #우승 #가즈아 #신한은행 #kbo적금 #신한sk와이번스적금 #야구 #야구스타그램 #kbo,2018-04-05,"['#goforv4 ', '#V4 ', '#가을야구 ', '#우승 ', '#가즈아 ', '#신한은행 ', '#kbo적금 ', '#신한', '#야구 ', '#야구스타그램 ', '#kbo']"
1,"신한은행(@shinhanbank_official)이 '2023 신한 SOL KBO리그' 개막을 맞아 새로운 '2023 신한 KBO 리그 적금'을 출시했습니다. 💵 해당 상품은 구당 승수에 따라 추가 금리 우대가 제공되는 KBO리그(@kbo.official)팬 맞춤형 적금 상품인데요. 팬들은 10개 구단 중 응원하는 구단을 선택하고 적금 상품에 가입할 수 있습니다. ⚾️적금 출시 기념 이벤트도 참여하실 수 있는데요. 신한은행 모바일 앱 쏠(SOL)의 야구 플랫폼 쏠야구를 통해 응원 구단의 승리마다 최대 1천 마이신한포인트를 제공하는 'Winning 캘린더'와 월 최대한도인 50만 원을 입금, 혹은 응원 구단 승리 다음날 5천 원 이상 추가 납입 시 최대 1천 마이신한포인트를 제공하는 '세이브 포인트' 등의 콘텐츠 역시 선보일 예정입니다. 📅 또한 4월 30일까지 적금 가입 고객 선착순 10만 명에게는 최대 3천 마이신한포인트를 지급할 예정이라니 야구팬이라면 주목해 볼 만할 것 같네요!(사진출처 - 아이뉴스24)(기사원문 - 아이뉴스24)",2023-03-25,[]
2,순간 #두산베어스 #적금 고민했다;;;#포스트시즌진출 이라도 해주겠니#엘지트윈스 #kbo적금 #엘지트윈스적금 #신한은행 #일상 #일상그램 #일상스타그램 #야구,2018-04-06,"['#두산베어스 ', '#적금 고민했다;;;', '#포스트시즌진출 이라도 해주겠니', '#엘지트윈스 ', '#kbo적금 ', '#엘지트윈스적금 ', '#신한은행 ', '#일상 ', '#일상그램 ', '#일상스타그램 ', '#야구']"
3,.시즌 끝나면 얼마가 되어 있을까#큠테크 #KBO적금 #야구적금 #매달10만원 #홈승리만원 #원정승리만오천원 #점수당천원 #박뱅홈런당만원 #히어로즈 #humanheroes @shinhanbank_official @heroesbaseballclub,2019-04-04,"['#큠테크 ', '#KBO적금 ', '#야구적금 ', '#매달10만원 ', '#홈승리만원 ', '#원정승리만오천원 ', '#점수당천원 ', '#박뱅홈런당만원 ', '#히어로즈 ', '#humanheroe']"
4,"#신한sk와이번스적금 매달 기본금액 제외하고 sk선수 홈런칠 때마다 5천원 추가내 선수 홈런치면 1만원, 안타치면 2천원 추가입금해야지!!벌써 팀홈런 47개😳 이 속도면 300홈런가나요~~~..#신한은행 #kbo적금 #sk와이번스 #skwyverns #우승하면 #이율우대 #바라지도않아 #가을야구가자⚾️",2018-04-24,"['#신한', '#신한은행 ', '#kbo적금 ', '#우승하면 ', '#이율우대 ', '#바라지도않아 ', '#가을야구가자⚾️']"
5,이길 때마다 만원씩🤑한달에 20만원 넣어도 좋으니 이겨줘라🙏#롯데자이언츠 #KBO적금 #매경기입금대기 #연승가즈아,2018-04-13,"['#롯데자이언츠 ', '#KBO적금 ', '#매경기입금대기 ', '#연승가즈아']"
6,#신한은행 #kbo적금 들었다#lg트윈스적금#우승해라 그래서 나에게 #우대금리 달라 #🤗,2018-03-19,"['#신한은행 ', '#kbo적금 들었다', '#lg트윈스적금', '#우승해라 그래서 나에게 ', '#우대금리 달라 ', '#🤗']"
7,"-음, 그냥 또 가입했어⚾️그냥 또 선택했어😊근데 야구는 하긴하니😷-#신한은행 #프로야구 #kbo적금 #롯데자이언츠 #적금 #kbo #야구 #하는거니 #언제하니 #마음만은 #언제나 #롯데팬 #야구팬 #instagood #instadaily #daily #dailylife #데일리 #일상 #코로나 #빨리끝나라",2020-04-03,"['#신한은행 ', '#프로야구 ', '#kbo적금 ', '#롯데자이언츠 ', '#적금 ', '#kbo ', '#야구 ', '#하는거니 ', '#언제하니 ', '#마음만은 ', '#언제나 ', '#롯데팬 ', '#야구팬 ', '#in', '#in', '#daily ', '#dailylife ', '#데일리 ', '#일상 ', '#코로나 ', '#빨리끝나라']"
8,가즈아 ⚾️#두산베어스#kbo적금#야구의계절#만세#두산팬#외않해#이번야구는#돈이걸려있다 (?)ㅋㅋㅋㅋㅋ,2018-03-14,"['#두산베어스', '#kbo적금', '#야구의계절', '#만세', '#두산팬', '#외않해', '#이번야구는', '#돈이걸려있다 (?)ㅋㅋㅋㅋㅋ']"
9,올해 잘해서 동백이 까까 사줘야지두산아 너네 승률이 곧 내 이자율이다..올해 욕 안하게 잘 부탁해❤️ #kbo적금 #신한kbo리그적금 #신한은행적금 #kbo #두산베어스 #용돈모으기 #동백이몫 #혹은 #데이트비용 #잘부탁해 #2018프로야구 #2018 #프로야구 #야구팬 #두산팬 #doosanbears,2018-03-20,"['#kbo적금 ', '#신한kbo리그적금 ', '#신한은행적금 ', '#kbo ', '#두산베어스 ', '#용돈모으기 ', '#동백이몫 ', '#혹은 ', '#데이트비용 ', '#잘부탁해 ', '#2018프로야구 ', '#2018 ', '#프로야구 ', '#야구팬 ', '#두산팬 ', '#doo']"
10,#SKwyverns#sk와이번스#신한은행#kbo적금#kbo,2018-03-15,"['#SKwyvern', '#신한은행', '#kbo적금', '#kbo']"
11,1년 만기👍🏻 이래저래 그래도 재밌게 1년 모았네 ㅋㅋㅋ근데 인친님이 알려주셨는데올해는 뭐이리 이자가 더 까탈스럽?해야하나 말아야하나...🤔,2019-03-15,[]
12,#한국시리즈 가즈아💃🏾#금리 보다 #의리 와아아 라임보소 ㅎㅎㅎ#한화이글스 #신한은행 #kbo적금,2018-06-16,"['#한국시리즈 가즈아💃🏾', '#금리 보다 ', '#의리 와아아 라임보소 ㅎㅎㅎ', '#한화이글스 ', '#신한은행 ', '#kbo적금']"
13,#적금KIA팬이라면 역시#신한은행 #KIA타이거즈 #KBO적금 #프로야구 #기아 #타이거즈 #기아타이거즈 #야구 #KIATIGERS,2018-03-14,"['#적금KIA팬이라면 역시', '#신한은행 ', '#KIA타이거즈 ', '#KBO적금 ', '#프로야구 ', '#기아 ', '#타이거즈 ', '#기아타이거즈 ', '#야구 ', '#KIATIGERS']"
14,프로야구 신한은행 메인 스폰기념 출시 적금모두 SK와이번스 가입 ㄱㄱ합시당ㅋㅋ적금도하고 응원하며 이율도 높이고!승률 6할 가즈아! 코시 가즈아! V4가즈아!#신한은행 #kbo적금 #SK와이번스 #슼덕 #기본금리1.5 #가입자수5만명0.5 #승률6할#가을야구 #포스트시즌 #V4 #최대우대금리#갑시다! #적금도SK,2018-03-16,"['#신한은행 ', '#kbo적금 ', '#SK와이번스 ', '#슼덕 ', '#기본금리1.5 ', '#가입자수5만명0.5 ', '#승률6할', '#가을야구 ', '#포스트시즌 ', '#V4 ', '#최대우대금리', '#갑시다! ', '#적금도SK']"
15,#첫줄안녕🙋운수좋은날 👍 2등당첨!!직관당첨은 처음ㅋㅋ 중계당첨은 여러번 ✌....#인스타그램 #신한은행 #kbo적금 #쏠이벤트 #쏠타임 #2등당첨 #gs상품권 #만원권 #운수좋은날 #승요 #잠실야구장 #최강두산 #두산베어스 #잠실더비 #금요일 #일상 #데일리 #맞팔 #선팔 #좋아요 #소통 #팔로우 #팔로잉 #광고사절❌,2018-09-22,"['#첫줄안녕🙋운수좋은날 👍 2등당첨!!직관당첨은 처음ㅋㅋ 중계당첨은 여러번 ✌....', '#인스타그램 ', '#신한은행 ', '#kbo적금 ', '#쏠이벤트 ', '#쏠타임 ', '#2등당첨 ', '#g', '#만원권 ', '#운수좋은날 ', '#승요 ', '#잠실야구장 ', '#최강두산 ', '#두산베어스 ', '#잠실더비 ', '#금요일 ', '#일상 ', '#데일리 ', '#맞팔 ', '#선팔 ', '#좋아요 ', '#소통 ', '#팔로우 ', '#팔로잉 ', '#광고사절❌']"
16,#첫줄안녕🙋 믿고보는 두산⚾❤ 통합우승을 안겨주진 못했지만ㅋ 대신 좋은 이율을 안겨줬다 😍우승했음 3%가 넘었겠지만 ㅋㅋ2.95로 만족 👏....#인스타그램 #적금스타그램 #신한은행 #kbo적금 #자유적금통장 #정규리그우승 #최강두산 #두산베어스 #믿고보는두산 #만기되면 #유니폼사야지 #덕질해볼까 #두산 #고맙습니다 #수고하셨습니다 #내년에도 #화이팅 #일상 #데일리 #맞팔 #선팔 #좋아요 #소통 #팔로우 #팔로잉 #광고사절❌,2018-11-16,"['#첫줄안녕🙋 믿고보는 두산⚾❤ 통합우승을 안겨주진 못했지만ㅋ 대신 좋은 이율을 안겨줬다 😍우승했음 3%가 넘었겠지만 ㅋㅋ2.95로 만족 👏....', '#인스타그램 ', '#적금스타그램 ', '#신한은행 ', '#kbo적금 ', '#자유적금통장 ', '#정규리그우승 ', '#최강두산 ', '#두산베어스 ', '#믿고보는두산 ', '#만기되면 ', '#유니폼사야지 ', '#덕질해볼까 ', '#두산 ', '#고맙습니다 ', '#수고하셨습니다 ', '#내년에도 ', '#화이팅 ', '#일상 ', '#데일리 ', '#맞팔 ', '#선팔 ', '#좋아요 ', '#소통 ', '#팔로우 ', '#팔로잉 ', '#광고사절❌']"
17,#야구스타그램 #롯데자이언츠 #신한은행 #kbo적금 #쏠픽 7연패를 해도 롯데만 픽했다 ㅋㅋ  오늘 속시원하게  연패탈출#승승장구 기대해보지 ㅎㅎㅎ,2019-05-09,"['#야구스타그램 ', '#롯데자이언츠 ', '#신한은행 ', '#kbo적금 ', '#쏠픽 7연패를 해도 롯데만 픽했다 ㅋㅋ  오늘 속시원하게  연패탈출', '#승승장구 기대해보지 ㅎㅎㅎ']"
18,3년째 가입하는 #신한KBO적금 ㅋㅋㅋㅋㅋㅋ올해는 이율이 짜긴한데 탑데니까ㅎㅎ아 가입해주시던분은 한화팬이셨다ㅎㅎ올해 롯데 진짜 지는 방법을 잃어버림ㅋㅋㅋㅋ 진다는건 어떤 기분이지? 정말 모르겠다~~ #신한은행 #KBO적금 #야구적금 #⚾️ #롯데자이언츠 #롯데 #lottegiants,2020-05-08,"['#신한KBO적금 ㅋㅋㅋㅋㅋㅋ올해는 이율이 짜긴한데 탑데니까ㅎㅎ아 가입해주시던분은 한화팬이셨다ㅎㅎ올해 롯데 진짜 지는 방법을 잃어버림ㅋㅋㅋㅋ 진다는건 어떤 기분이지? 정말 모르겠다~~ ', '#신한은행 ', '#KBO적금 ', '#야구적금 ', '#⚾️ ', '#롯데자이언츠 ', '#롯데 ', '#lottegiant']"
19,신한은행 KBO적금💰적금 만들어야 했는데 야구적금으로 하게될 줄은 꿈에도 몰랐다...🤣올시즌 잘해주시고 이자율도 높여주셔요 제발요🙇‍♀️,2018-03-16,[]
20,#첫줄.계좌정리. 뜬금 돈 많아졌네..다시 입금해야지.10개구단중 신중하게 잘 생각해서 골라달라그랬지만 신중하지 않겠다며 한화를 선택했지...한화야 올해을 잘부탁해🤗.#한화이글스 #이글스팬 #kbo적금 #한화#소소한째헤원씨 #적금... #신한은행,2018-04-09,"['#첫줄.계좌정리. 뜬금 돈 많아졌네..다시 입금해야지.10개구단중 신중하게 잘 생각해서 골라달라그랬지만 신중하지 않겠다며 한화를 선택했지...한화야 올해을 잘부탁해🤗.', '#한화이글스 ', '#이글스팬 ', '#kbo적금 ', '#한화', '#소소한째헤원씨 ', '#적금... ', '#신한은행']"
21,_유행에 민감함#KBO적금 #용돈분할상환#내비자금은 #기아가책임진다#기아타이거즈 #최강기아 #갸빠,2018-03-16,"['#KBO적금 ', '#용돈분할상환', '#내비자금은 ', '#기아가책임진다', '#기아타이거즈 ', '#최강기아 ', '#갸빠']"
22,#첫줄👋 #한화이글스#7연패중😂 #kbo적금#한화승리시추가입금중#강제무입금#이걸로여행가려했는데#승리가넘없어서#안되겠다#어제경기#8회말번트작전왜안해요#지더라도상식적으로 #지더라도재밌는야구 #원한다고요#이제꼴찌까지다왔다#6월반등이아니라#6월하락이였구나#은원이홈런으로참는다#소년가장은원이#오늘은이기겠지#그래도응원해#그깟공놀이#욕하면서봐주께,2019-06-20,"['#첫줄👋 ', '#한화이글스', '#7연패중😂 ', '#kbo적금', '#한화승리시추가입금중', '#강제무입금', '#이걸로여행가려했는데', '#승리가넘없어서', '#안되겠다', '#어제경기', '#8회말번트작전왜안해요', '#지더라도상식적으로 ', '#지더라도재밌는야구 ', '#원한다고요', '#이제꼴찌까지다왔다', '#6월반등이아니라', '#6월하락이였구나', '#은원이홈런으로참는다', '#소년가장은원이', '#오늘은이기겠지', '#그래도응원해', '#그깟공놀이', '#욕하면서봐주께']"
23,이번 주 개막! 많이 이겨서 KBO적금 쏠쏠해졌으면?? 부탁한다 ㅋㅋㅋㅋ..#야구 #두산베어스 #이번주개막 #야구장 #KBO적금 #두산잘하자,2019-03-20,"['#야구 ', '#두산베어스 ', '#이번주개막 ', '#야구장 ', '#KBO적금 ', '#두산잘하자']"
24,마니이겨주세요 금리마니받고야구장 더마니다니게⚾️..#두산베어스#신한은행#kbo적금 #야구적금#두산덕후#부자스타그램,2018-04-23,"['#두산베어스', '#신한은행', '#kbo적금 ', '#야구적금', '#두산덕후', '#부자스타그램']"
25,티끌모아태산#kbo적금#두산베어스#V6#가즈아아아#개신동베어스#취미생활#저금,2018-03-20,"['#kbo적금', '#두산베어스', '#V6', '#가즈아아아', '#개신동베어스', '#취미생활', '#저금']"
26,담주면 야구시즌 시작ㅋㅋ올해는 포스트시즌에 무난하게 갈수 있을꺼 같은 느낌아닌느낌??그래서 이새벽에 급하게 적금 들어봤다ㅋㅋ최고 금리 한번 만들어보자꾸나ㅋㅋ시범경기 볼때마다 기대감 상승😆눈치안보고 집에서 즐기는 시범경기 첨이네ㅋㅋ 이순간만큼은 백수인게 좋았다😂......#프로야구시범경기 #시범경기지만 #느낌이좋아요👍#그래서 #시작해봐요 #신한은행 #kbo적금 #kbo적금통장#스크통장 #팬분들 #어서모이세요❤️#sk와이번스 #스크팬이라서행복해요 #우승한번가보자#곧개막식이다 #보여주자 #불꽃투혼#백수면서 #대책없이 #적금시작 #백수지만괜찮아 #이제 #백수끝자락 #쉰만큼 #달려보자꾸나 🏃‍♂️🏃‍♀️,2018-03-16,"['#프로야구시범경기 ', '#시범경기지만 ', '#느낌이좋아요👍', '#그래서 ', '#시작해봐요 ', '#신한은행 ', '#kbo적금 ', '#kbo적금통장', '#스크통장 ', '#팬분들 ', '#어서모이세요❤️', '#스크팬이라서행복해요 ', '#우승한번가보자', '#곧개막식이다 ', '#보여주자 ', '#불꽃투혼', '#백수면서 ', '#대책없이 ', '#적금시작 ', '#백수지만괜찮아 ', '#이제 ', '#백수끝자락 ', '#쉰만큼 ', '#달려보자꾸나 🏃\u200d♂️🏃\u200d♀️']"
27,응원팀 승률에 따른 이율....작년은 망했음...그래도 #😭😭 #무적엘지 #무적lg #lgtwins올해는 잘부탁해 이기자!!#신한은행 #프로야구적금,2019-03-13,"['#😭😭 ', '#무적엘지 ', '#무적lg ', '#lgtwin', '#신한은행 ', '#프로야구적금']"
28,올해도 어김없이 가입완료!💪💪💪금액을 더 늘릴껄 그랬나😅😅....#신한은행적금#프로야구적금 #2020신한두산베어스적금#티클모아태산 #두산베어스 #두산베어스팬,2020-03-25,"['#신한은행적금', '#프로야구적금 ', '#2020신한두산베어스적금', '#티클모아태산 ', '#두산베어스 ', '#두산베어스팬']"
29,저번에 바로 #신한은행 #프로야구적금 들고..ㅋㅋ#스타벅스쿠폰 받았음...ㅎㅎ오늘 퇴근하고 #교환 해 먹었당...ㅎㅎㅎㅎ~~오늘은 #커피 한잔마신게 끝~~이런  #이벤트 좋아!!!#사용완료 한 #쿠폰 임...ㅎㅎ...#스타벅스커피쿠폰 #아이스아메리카노 #아아 #아이스커피,2021-04-12,"['#신한은행 ', '#프로야구적금 들고..ㅋㅋ', '#스타벅스쿠폰 받았음...ㅎㅎ오늘 퇴근하고 ', '#교환 해 먹었당...ㅎㅎㅎㅎ~~오늘은 ', '#커피 한잔마신게 끝~~이런  ', '#이벤트 좋아!!!', '#사용완료 한 ', '#쿠폰 임...ㅎㅎ...', '#스타벅스커피쿠폰 ', '#아이스아메리카노 ', '#아아 ', '#아이스커피']"
30,시즌개막은 멀었는데 일단 가입부터 하고보는 사람; #프로야구적금,2020-03-26,['#프로야구적금']
31,야구적금2018프로야구 스폰서는 신한은행1년짜리 적금 상품이 나와서 가입🤣올해는 이기는 게임 좀 많았음 좋겠고포시 코시 다 가서 우승하자🙏🏻🙏🏻우대금리 좀 받게....🤪...#신한은행 #프로야구적금 #2018프로야구 #두산베어스 #내년시즌에써야지 #👀,2018-03-14,"['#신한은행 ', '#프로야구적금 ', '#2018프로야구 ', '#두산베어스 ', '#내년시즌에써야지 ', '#👀']"
32,"ㅤ[신한 SOL #2023_프로야구_적금_출시_이벤트] 참여하고#마이신한포인트_3000포인트_받자!🗣️2023 프로야구 적금의 시작을 알리며몰리가 여러분을 향해 3000P를 던집니다!#마이신한포인트_3000p받고_적금_홈런하는법⚾3월 24일(금) 부터 4월 30일(일) 까지⚾’2023 신한 프로야구 적금’ 5만원 이상 가입시🎉선착순 10만명에게 마이신한포인트 2,000P 지급!🎉신규일에 자동이체 등록시 1,000P 추가 지급!(경품 지급일: 5월 10일(수) 일괄지급, *개인 LMS발송)적금 가입하고 자동이체만 하면최대 3,000P를 준다니,이거 완전 적금 홈런이네~!🙌지금 바로 인스타그램 프로필 링크의『2023 프로야구 적금 출시 이벤트』🧢 에서적금 가입해 포인트 받고, 야구 더 재밌게 즐기세요!#인스타그램_이벤트2023 KBO리그에서 응원하는 구단을 @친구 에게 말하고,‘2023 프로야구 적금 출시 이벤트’를 알려주세요!✔이벤트 기간: 2023.4.10(월) ~ 2023.4.16(일)✔이벤트 경품: 스타벅스 카페 라떼 T (15명)✔이벤트 대상: 본 게시물 이벤트 참여 고객✔당첨자 발표: 2023.4.18(화) *개별DM발표#신한은행 #신한 #신한쏠 #신한SOL #따뜻한금융 #고객중심 #야구 #프로야구 #프로야구적금 #KBO #야구장 #봄야구 #신한은행캐릭터 #쏠 #몰리 #이벤트 #경품 #event준법감시인 사전심사필 제 2023-11566-1호(2023.04.10~2025.04.10)[상품 상세]▶상품명 : 2023 신한 프로야구 적금[2023.03.24 현재, 기본이자율 연 2.5%, 우대이자율 최고 연 2.1% 적용 시 최고이자율 연 4.6%(세전) 1년제 만기해지 시] ▶가입대상 : 실명의 개인 및 개인사업자(1인 1계좌, 구단별 중복가입불가) ▶가입기간 : 1년제▶저축한도 : 월 50만원 이하 자유롭게 적립가능▶우대요건① 승리기원 우대: 최고 연 0.8%- 내가 선택한 팀의 2023 KBO프로야구 정규리그 1승 당 연 0.01%우대(최대 80승까지 인정)② 야구 컨텐츠 참여 우대: 최고 연 1.0%- SOL 야구 컨텐츠 참여 시 1회 당 연 0.1% 우대(최대 10회)  ※ SOL 야구 컨텐츠: 쏠픽/쏠퀴즈/월간MVP/위닝캘린더 ③ 조기가입 우대: 23년 6월 30일까지 조기가입 시 연 0.3%④ 첫 적금 우대: 최근 1년간 신한은행 적금 미보유 고객이 신규 시 연 0.3%▶이자율의 범위 및 산출기준 - 중도해지 이율 : 신규일 당시 영업점 및 홈페이지에 고시한 중도해지이율 적용 - 만기 후 이율 : 만기일 당시 영업점 및 홈페이지에 고시한 일반 정기적금의 만기 후 이율 적용 - 이자지급시기 : 만기일시지급식 – 만기(후) 또는 중도해지 요청 시 이자를 지급※ 만기전 해지 시 약정한 이율보다 낮은 중도해지이지이율이 적용되며 우대금리는 만기해지시에만 적용됩니다. [유의사항]※ 이벤트 상품은 사정에 따라 동급의 다른 상품으로 변경될 수 있으며, 이벤트 일정은 사정에 따라 변경되거나 조기 종료될 수 있음※ 상품 가입하시기 전 상품설명서 및 약관을 꼭 읽어보시기 바라며, 금융소비자보호법에 따라 중요사항을 설명 받을 수 있음※ 이 광고는 법령 및 내부통제기준에 따른 관련 절차를 거쳐 제공됨※ 계좌에 압류, 가압류, 질권설정 등이 등록될 경우 원금 및 이자 지급이 제한됨※ 이 예금은 예금자보호법에 따라 원금과 소정의 이자를 합하여 1인당 ""5천만원까지""(본 은행의 여타 보호상품과 합산) 보호됨※ 기타 자세한 사항은 반드시 신한 쏠(SOL) 참조 또는 신한은행 고객상담센터(1599-8000)로 문의하시기 바람",2023-04-10,"['#2023_프로야구_적금_출시_이벤트] 참여하고', '#마이신한포인트_3000포인트_받자!🗣️2023 프로야구 적금의 시작을 알리며몰리가 여러분을 향해 3000P를 던집니다!', '#마이신한포인트_3000p받고_적금_홈런하는법⚾3월 24일(금) 부터 4월 30일(일) 까지⚾’2023 신한 프로야구 적금’ 5만원 이상 가입시🎉선착순 10만명에게 마이신한포인트 2', '#인스타그램_이벤트2023 KBO리그에서 응원하는 구단을 @친구 에게 말하고', '#신한은행 ', '#신한 ', '#신한쏠 ', '#신한SOL ', '#따뜻한금융 ', '#고객중심 ', '#야구 ', '#프로야구 ', '#프로야구적금 ', '#KBO ', '#야구장 ', '#봄야구 ', '#신한은행캐릭터 ', '#쏠 ', '#몰리 ', '#이벤트 ', '#경품 ', '#event준법감시인 사전심사필 제 2023-11566-1호(2023.04.10~2025.04.10)[상품 상세]▶상품명 : 2023 신한 프로야구 적금[2023.03.24 현재']"
33,올해도 했다#신한은행 #lg트윈스적금 #프로야구적금#2019신한lg트윈스적금엘지야 올해는 꼭 나에게 우대금리를 달라!! 올해는 아이도 7살인데 데리고 야구장도 자주 가야징🤗,2019-03-14,"['#신한은행 ', '#lg트윈스적금 ', '#프로야구적금', '#2019신한lg트윈스적금엘지야 올해는 꼭 나에게 우대금리를 달라!! 올해는 아이도 7살인데 데리고 야구장도 자주 가야징🤗']"
34,애국가 4절 꼴데 등장!꼴데적금도ㄱㄱ#애국가 #롯데 #꼴데 #롯데자이언츠 #가사매우적절 #프로야구적금 #머리는 #두산인데 #어쩔수없는 #꼴데팬,2019-03-15,"['#애국가 ', '#롯데 ', '#꼴데 ', '#롯데자이언츠 ', '#가사매우적절 ', '#프로야구적금 ', '#머리는 ', '#두산인데 ', '#어쩔수없는 ', '#꼴데팬']"
35,#첫줄소액이지만 개막전에 가입완료😝😝이번시즌에도 잘부탁해👍💕...#프로야구 #두산베어스 #신한은행 #프로야구적금 #두산베어스적금 #잘부탁해 #요로시쿠 #よろしく #드디어 #개막전 #나는 #일요일직관 #두근두근 #どきどき #わくわく #승리의두산 #올해는 #직관 #많이다녀야지 #일상,2018-03-23,"['#첫줄소액이지만 개막전에 가입완료😝😝이번시즌에도 잘부탁해👍💕...', '#프로야구 ', '#두산베어스 ', '#신한은행 ', '#프로야구적금 ', '#두산베어스적금 ', '#잘부탁해 ', '#요로시쿠 ', '#よろしく ', '#드디어 ', '#개막전 ', '#나는 ', '#일요일직관 ', '#두근두근 ', '#どきどき ', '#わくわく ', '#승리의두산 ', '#올해는 ', '#직관 ', '#많이다녀야지 ', '#일상']"
36,#무적엘지 #2020프로야구 #우승 #가즈아#LGTWINS #신한쏠 #프로야구적금,2020-03-25,"['#무적엘지 ', '#2020프로야구 ', '#우승 ', '#가즈아', '#LGT', '#신한쏠 ', '#프로야구적금']"
37,올해도 가입~~ㅋ작년에는 열심히 잘 해줘서 2.23% 올해도 열심히 해주세요~~#신한은행적금#2019신한mycar프로야구적금#신한mycar프로야구#신한은행#프로야구적금#신한sol#키움히어로즈#키움히어로즈적금#monoistagram,2019-04-02,"['#신한은행적금', '#2019신한mycar프로야구적금', '#신한mycar프로야구', '#신한은행', '#프로야구적금', '#신한', '#키움히어로즈', '#키움히어로즈적금', '#monoi']"
38,스벅 열심히 다녀서 겟한 비치타올과 오늘 가입한 신한 프로야구 적금 뿌듯하다 ☕️⚾️#프로야구적금 #키움히어로즈화이팅 #스타벅스비치타올 #스타벅스비치타올핑크 #스타벅스호갱인증 #스타벅스그램 #핑크핑크 #키움히어로즈적금 #starbucksbeachtowel #starbucks #pink #lovely,2019-05-15,"['#프로야구적금 ', '#키움히어로즈화이팅 ', '#스타벅스비치타올 ', '#스타벅스비치타올핑크 ', '#스타벅스호갱인증 ', '#스타벅스그램 ', '#핑크핑크 ', '#키움히어로즈적금 ', '#pink ', '#lovely']"
39,드뎌~~~프로야구개막신한은행에서 프로야구적금이 나왔네요^^두산베어스 승리 가즈아~~~~⚾️최강두산 v6#2019프로야구개막 #프로야구적금 #두산베어스 #v6가즈아~~ #응원합시다👏👏,2019-03-25,"['#2019프로야구개막 ', '#프로야구적금 ', '#두산베어스 ', '#v6가즈아~~ ', '#응원합시다👏👏']"
40,#이걸해말아 🤔 #프로야구적금 #우대금리 #못받으려나 😂😂 #의리를지켜야겠지 #기아타이거즈적금 #기아타이거즈 #우대금리많이받게해줘라,2019-03-15,"['#이걸해말아 🤔 ', '#프로야구적금 ', '#우대금리 ', '#못받으려나 😂😂 ', '#의리를지켜야겠지 ', '#기아타이거즈적금 ', '#기아타이거즈 ', '#우대금리많이받게해줘라']"
41,...- 프로야구 적금- 몇년동안 이율은...🙄- 올해도 재미삼아 가입 했는데 1만명안에 뽑혔다🤣- 이 기세로 3연승 가자🤣🤣🤣...#신한쏠프로야구#프로야구적금#나도이자좀받아보자#하나가망하니하나가사네,2021-04-08,"['#신한쏠프로야구', '#프로야구적금', '#나도이자좀받아보자', '#하나가망하니하나가사네']"
42,#진짜쯔증는드 #적금깨야하나 #의리로폭망 #나지금심각해 #진지하다 #내적금안녕 #신한야구적금 #프로야구적금 #기아타이거즈 #이율폭망,2019-03-30,"['#진짜쯔증는드 ', '#적금깨야하나 ', '#의리로폭망 ', '#나지금심각해 ', '#진지하다 ', '#내적금안녕 ', '#신한야구적금 ', '#프로야구적금 ', '#기아타이거즈 ', '#이율폭망']"
43,180313일출시된 #신한은행 #프로야구적금 #야구적금 영업점 창구에서 만들면 응원 문구도 넣을수 있다고 해서 영업점 가서 만들어온...ㅎ 늘 응원해요💪💪💪#신한은행프로야구적금 #신한은행야구적금 #신한은행마이카프로야구 #신한은행마이카kbo리그 #shinhanbank #인내는곧성공이다 #노경은 #노경은총 #롯데자이언츠 #lottegiants #롯데자이언츠적금 #늘응원해요,2018-03-16,"['#신한은행 ', '#프로야구적금 ', '#야구적금 영업점 창구에서 만들면 응원 문구도 넣을수 있다고 해서 영업점 가서 만들어온...ㅎ 늘 응원해요💪💪💪', '#신한은행프로야구적금 ', '#신한은행야구적금 ', '#신한은행마이카프로야구 ', '#신한은행마이카kbo리그 ', '#인내는곧성공이다 ', '#노경은 ', '#노경은총 ', '#롯데자이언츠 ', '#lottegiant', '#롯데자이언츠적금 ', '#늘응원해요']"
44,[34기 서경강 2팀]📢 우리는 solo 플레이하지 않고 SOL로 play한다! 안녕하세요 신대홍 34기 서경강 2팀 쏠로플레이입니다🎮💙..오랜만에 다같이 야구경기⚾️를 보고 있지만결과는 처참히 지는 상황😭그런데 그녀만 웃고 있다?!😯 경기는 지고 있는 상황에도😣혼자 웃고 있는 그녀의 이유가 궁금하시다면!!쏠로플레이의 본 영상에서 확인해주세요💙#신한은행대학생홍보대사 #신대홍34기 #신대홍 #서경강2팀 #쏠로플레이 #신한은행적금 #신한은행프로야구적금 #프로야구적금,2021-03-24,"['#신한은행대학생홍보대사 ', '#신대홍34기 ', '#신대홍 ', '#서경강2팀 ', '#쏠로플레이 ', '#신한은행적금 ', '#신한은행프로야구적금 ', '#프로야구적금']"
45,180314 경기 못보러 가는 서러움 ㅠㅠ프로야구 적금을 들었어요한 경기 이길 때 마다 이율 올라감.많이 이기자💪#프로야구적금 #신한은행적금,2019-03-14,"['#프로야구적금 ', '#신한은행적금']"
46,이제 두산의 경기 결과에 따라내 표정만 변하는 게 아니겠군. 😄😊😐😑🤨😡 1승할 때마다 금리 0.01% 추가최대 0.80%면.. 80승을 해야함ㅋㅋㅋ (2018년 작년 기준 두산 93승 2위 sk 78승)두산이 엄춍 잘했었구나❤3연승 중인데.. 미리 가입할걸 ㅋㅋㅋ신한적금 응원팀 두산이 1위중!! 👑#두산아윈윈하자 #두산베어스 #신한은행 #프로야구적금 #최강두산 #20190402Tue,2019-04-02,"['#두산아윈윈하자 ', '#두산베어스 ', '#신한은행 ', '#프로야구적금 ', '#최강두산 ', '#20190402Tue']"
47,승리할때마다 이자 0.01% 올라가는 적금합법적 도박하는 느낌ㅋㅋ#칰풍당당 #프로야구적금 #한화이글스적금 #언제해지할까,2019-05-05,"['#칰풍당당 ', '#프로야구적금 ', '#한화이글스적금 ', '#언제해지할까']"
48,[34기 서경강2팀]📢 우리는 solo 플레이하지 않고 SOL로 play한다!안녕하세요 신대홍 34기 서경강 2팀 쏠로플레이입니다🎮💙야구⚾️를 좋아하지 않던 여자친구가갑자기 180도 달라졌다?😲이전과 달라진 모습에 감동을 받은 남자친구😭과.연갑자기 여자친구가 변하게 된말할 수 없는 ‘비밀’은 무엇일까요⁉️야구와 연인❣ 사이의 숨겨진 쏠로플레이의 자세한 스토리가 궁금하시다면😉 지금 바로 본 영상🎥을 확인해주세요!̆̈!̆̈#신한은행대학생홍보대사 #신대홍34기 #신대홍 #서경강2팀 #쏠로플레이 #연인과함께 #신한은행적금 #신한은행프로야구적금 #프로야구적금,2021-03-29,"['#신한은행대학생홍보대사 ', '#신대홍34기 ', '#신대홍 ', '#서경강2팀 ', '#쏠로플레이 ', '#연인과함께 ', '#신한은행적금 ', '#신한은행프로야구적금 ', '#프로야구적금']"
49,#신대홍_전라조아#전라조아비대면챌린지 #왜들그리다운돼있sol#프로야구적금 #가입완료,2020-03-25,"['#신대홍_전라조아', '#전라조아비대면챌린지 ', '#왜들그리다운돼있', '#프로야구적금 ', '#가입완료']"
50,#삼성라이온즈 이말도안되는짓을올해도하고야말앗다🤔머리는우승팀아니라는걸아는데왜내손은이팀을선택하고잇는게니::)  #신한은행 #프로야구적금 #또속아본다 #미우나고우나내팀,2021-03-31,"['#삼성라이온즈 이말도안되는짓을올해도하고야말앗다🤔머리는우승팀아니라는걸아는데왜내손은이팀을선택하고잇는게니::)  ', '#신한은행 ', '#프로야구적금 ', '#또속아본다 ', '#미우나고우나내팀']"
51,"#키움히어로즈 #키움히어로즈승리적금#프로야구적금 후반기부터 승리시점수 × 1,000원 씩 적립하기로 결정!주중 3연전 스윕했으니까 입금!패배시에는... 안넣을거야 !!!!앞으로 많이 승리해서 연말에 유용한 용도로 쓸수있게 도와주세요 :)아무생각없이.... 11일날짜부터 입금해버렸네.....😔",2021-08-13,"['#키움히어로즈 ', '#키움히어로즈승리적금', '#프로야구적금 후반기부터 승리시점수 × 1']"
52,올해도하는호갱짓경품개똥같은거주네#두산베어스#두산베어스적금#프로야구적금#신한은행,2019-03-12,"['#두산베어스', '#두산베어스적금', '#프로야구적금', '#신한은행']"
53,"⚾️2020 신한 프로야구 적금⚾️⠀🗣너넨 어디 응원하니~~~~?🎉키움, 두산, 기아, SK, 한화, 삼성, LG, KT, NC, 롯데⁉️그 어디를 응원하든 이기면 ✨금리✨가 쑥쑥‼️‼️연 최고 2.8%까지.. 두근두근💙⠀☝🏻응원팀이 승리하면, 금리가 올라간다구?✌🏻신한은행 가입 고객으로서 누구나 가입할 수 있다구?⠀게다가 4월 10일 전에 가입하면.... 3000원 추가적립♨️⠀쏠 어플의 이벤트란에 들어가면 바로 가입 가능해💸💸⠀야구 개막 기다리면서 적금 가입하자~~⠀#신대홍 #신대홍32기 #신한은행 #신한은행홍보대사 #신한은행대학생홍보대사 #신한은행대학생홍보대사32기 #프로야구적금 #프로야구 #kbo #2020프로야구 #좋아요반사 #대학생 #팔로우반사 #대외활동 #21 #22 #23 #24 #25 #좋아요 #팔로우 #소통 #맞팔 #소통해요 #맞팔해요 #선팔하면맞팔 #선팔맞팔",2020-04-08,"['#신대홍 ', '#신대홍32기 ', '#신한은행 ', '#신한은행홍보대사 ', '#신한은행대학생홍보대사 ', '#신한은행대학생홍보대사32기 ', '#프로야구적금 ', '#프로야구 ', '#kbo ', '#2020프로야구 ', '#좋아요반사 ', '#대학생 ', '#팔로우반사 ', '#대외활동 ', '#21 ', '#22 ', '#23 ', '#24 ', '#25 ', '#좋아요 ', '#팔로우 ', '#소통 ', '#맞팔 ', '#소통해요 ', '#맞팔해요 ', '#선팔하면맞팔 ', '#선팔맞팔']"
54,다시시작이야#신한은행#⚾️#두산베어스#프로야구적금#신한은행적금#신한프로야구적금,2020-03-25,"['#신한은행', '#⚾️', '#두산베어스', '#프로야구적금', '#신한은행적금', '#신한프로야구적금']"
55,⚾️2020 우리팀 파헤치기⚾️엇 OO아! 😎너 태그해줄게~ 너 여기 응원하잖아😎⠀KBO 개막이 미뤄져서 슬퍼하는 야구러버 모여라‼️야구 보고는 싶은데 잘 모르는 야알못도 모여라‼️야구 응원가 따라 부르고 싶은 사람 모여라‼️🎵🎵⠀⚾️ 2020 팀별로 이거만 알면 된다구💙⚾️ 이번 순위 완전 박빙일거 같은데.. 기대만땅💙⠀전격 분석 그 1탄🎆🌅🌠🌇우리팀 모여라🗣🗣🗣8ollow가 이렇게 친절하게 정리해줬어〰️〰️⠀#신대홍 #신대홍32기 #신한은행 #신한은행홍보대사 #신한은행대학생홍보대사 #신한은행대학생홍보대사32기 #프로야구적금 #프로야구 #kbo #2020프로야구 #좋아요반사 #대학생 #팔로우반사 #대외활동 #21 #22 #23 #24 #25 #좋아요 #팔로우 #소통 #맞팔 #소통해요 #맞팔해요 #선팔하면맞팔 #선팔맞팔,2020-04-08,"['#신대홍 ', '#신대홍32기 ', '#신한은행 ', '#신한은행홍보대사 ', '#신한은행대학생홍보대사 ', '#신한은행대학생홍보대사32기 ', '#프로야구적금 ', '#프로야구 ', '#kbo ', '#2020프로야구 ', '#좋아요반사 ', '#대학생 ', '#팔로우반사 ', '#대외활동 ', '#21 ', '#22 ', '#23 ', '#24 ', '#25 ', '#좋아요 ', '#팔로우 ', '#소통 ', '#맞팔 ', '#소통해요 ', '#맞팔해요 ', '#선팔하면맞팔 ', '#선팔맞팔']"
56,⚾️2020 우리팀 파헤치기⚾️엇 OO아! 😎너 태그해줄게~ 너 여기 응원하잖아😎⠀KBO 개막이 미뤄져서 슬퍼하는 야구러버 모여라‼️야구 보고는 싶은데 잘 모르는 야알못도 모여라‼️야구 응원가 따라 부르고 싶은 사람 모여라‼️🎵🎵⠀⚾️ 2020 팀별로 이거만 알면 된다구💙⚾️ 이번 순위 완전 박빙일거 같은데.. 기대만땅💙⠀전격 분석 그 2탄🎆🌅🌠🌇우리팀 모여라🗣🗣🗣8ollow가 이렇게 친절하게 정리해줬어〰️〰️⠀#신대홍 #신대홍32기 #신한은행 #신한은행홍보대사 #신한은행대학생홍보대사 #신한은행대학생홍보대사32기 #프로야구적금 #프로야구 #kbo #2020프로야구 #좋아요반사 #대학생 #팔로우반사 #대외활동 #21 #22 #23 #24 #25 #좋아요 #팔로우 #소통 #맞팔 #소통해요 #맞팔해요 #선팔하면맞팔 #선팔맞팔,2020-04-08,"['#신대홍 ', '#신대홍32기 ', '#신한은행 ', '#신한은행홍보대사 ', '#신한은행대학생홍보대사 ', '#신한은행대학생홍보대사32기 ', '#프로야구적금 ', '#프로야구 ', '#kbo ', '#2020프로야구 ', '#좋아요반사 ', '#대학생 ', '#팔로우반사 ', '#대외활동 ', '#21 ', '#22 ', '#23 ', '#24 ', '#25 ', '#좋아요 ', '#팔로우 ', '#소통 ', '#맞팔 ', '#소통해요 ', '#맞팔해요 ', '#선팔하면맞팔 ', '#선팔맞팔']"
57,시범경기 ssg전 싹쓸이!! 노검사님 오늘 2안타 2타점 폭발!#부산 #사직야구장 #신한쏠야구 #시범경기⚾️ #롯데자이언츠 #ssg랜더스 #유통대전 #2연승 #노진혁 #아주나이스🎶,2024-03-10,"['#부산 ', '#사직야구장 ', '#신한쏠야구 ', '#시범경기⚾️ ', '#롯데자이언츠 ', '#유통대전 ', '#2연승 ', '#노진혁 ', '#아주나이스🎶']"
58,10만명 중에 내가 1등이라니😀👍#쏠야구#신한쏠야구,2023-10-16,"['#쏠야구', '#신한쏠야구']"
59,#신한쏠야구 #위닝캘린더 #ssg랜더스 #신한ssg랜더스적금 #이길때포인트받고 #포스트시즌진출시우대이율 #가능하겠지?? #승리포인트미수령 #아쉽다잉😭,2021-10-24,"['#신한쏠야구 ', '#위닝캘린더 ', '#신한', '#이길때포인트받고 ', '#포스트시즌진출시우대이율 ', '#가능하겠지?? ', '#승리포인트미수령 ', '#아쉽다잉😭']"
60,마차도를 맞핬더니 최고 포인트를 받았다#마차도공을마차도 #아재개그 #신한쏠야구 #운수좋은날 #복이들어오나#롯데자이언츠팬,2020-06-05,"['#마차도공을마차도 ', '#아재개그 ', '#신한쏠야구 ', '#운수좋은날 ', '#복이들어오나', '#롯데자이언츠팬']"
61,"이런날ㅋㅋ배팅을 안했네 안했어..승무패도..,울산현대...머임?전반부터 퇴장당하고..수원마저 이기면....😱😱😱😱😱#양산#롯데자이언츠#kbo리그#토토승무패#야구스타그램#스포츠#신한쏠야구#일상#소통#데일리#좋아요#맞팔#선팔#소확행#김원중#마무리투수#오늘은롯데가승리했다",2020-06-28,"['#양산', '#롯데자이언츠', '#kbo리그', '#토토승무패', '#야구스타그램', '#스포츠', '#신한쏠야구', '#일상', '#소통', '#데일리', '#좋아요', '#맞팔', '#선팔', '#소확행', '#김원중', '#마무리투수', '#오늘은롯데가승리했다']"
62,"아..2시부터 개막 기다리고있는데., 취소 될 삘이네.......올해도 쏠야구 쏠픽 도오전!!#양산#2020kbo개막전#롯데vskt#프로야구#신한쏠야구#쏠픽#일상#소통#데일리#좋아요#취미생활#스트레일리#선발#야구스타그램#롯데자이언츠#개막전#신한은행#비야그쳐라",2020-05-05,"['#양산', '#2020kbo개막전', '#롯데v', '#프로야구', '#신한쏠야구', '#쏠픽', '#일상', '#소통', '#데일리', '#좋아요', '#취미생활', '#스트레일리', '#선발', '#야구스타그램', '#롯데자이언츠', '#개막전', '#신한은행', '#비야그쳐라']"
63,투표 열심히 합시다!!!!#프로야구올스타전#롯데자이언츠 #신한쏠야구 #신한sol,2023-06-07,"['#프로야구올스타전', '#롯데자이언츠 ', '#신한쏠야구 ', '#신한']"
64,#KBO프로야구#신한쏠야구#2020포스트시즌#두산베어스#최강두산#플레이오프4차전#고척스카이돔#올해첫직관#1루4층꼭대기관람#코로나19조심#성숙한관람#철저한방역#승요✌#코시진출#미라클두산#노트20#20배줌#카메라기능#👍👍👍#승리의노래#앞사람😅😅 조금만 작게  휘둘러줄래요코로나로 1년 내내 미루던 직관추운날씨 고척돔은 뜨거웠다ㅎㅎ,2020-11-14,"['#KBO프로야구', '#신한쏠야구', '#2020포스트시즌', '#두산베어스', '#최강두산', '#플레이오프4차전', '#고척스카이돔', '#올해첫직관', '#1루4층꼭대기관람', '#코로나19조심', '#성숙한관람', '#철저한방역', '#승요✌', '#코시진출', '#미라클두산', '#노트20', '#20배줌', '#카메라기능', '#👍👍👍', '#승리의노래', '#앞사람😅😅 조금만 작게  휘둘러줄래요코로나로 1년 내내 미루던 직관추운날씨 고척돔은 뜨거웠다ㅎㅎ']"
65,⚾모두들양의지하세요😎내일까지투표합니다✔️압도적인득표👍아프지말아요내맘도아프다🥺언제나응원합니다💙#20220905 #양의지 #양캡틴 #우리의지 #우리의지최고 #ncdinos #NC다이노스 #hands_UP #거침없이가자 #신한쏠야구 #2022프로야구 #KBO #오늘도야구장#이겨보자쫌 #엔씨다이노스승리기원,2022-09-05,"['#20220905 ', '#양의지 ', '#양캡틴 ', '#우리의지 ', '#우리의지최고 ', '#ncdino', '#NC다이노스 ', '#hand', '#거침없이가자 ', '#신한쏠야구 ', '#2022프로야구 ', '#KBO ', '#오늘도야구장', '#이겨보자쫌 ', '#엔씨다이노스승리기원']"
66,..응원하는 재미 🙌🙌🙌..#두산베어스 #doosanbears #신한쏠야구 #kbo #koreanbaseball #baseball #koreanbaseballleague,2023-08-20,"['#두산베어스 ', '#doo', '#신한쏠야구 ', '#kbo ', '#koreanba', '#ba', '#koreanba']"
67,2023.11.10 fri#신한쏠야구 #이벤트 #일상 #일상스타그램,2023-11-10,"['#신한쏠야구 ', '#이벤트 ', '#일상 ', '#일상스타그램']"
68,#대박퀴즈 #신한쏠야구 #H포인트 #우리원멤버스 #리브메이트 #대박오늘퀴즈,2022-11-24,"['#대박퀴즈 ', '#신한쏠야구 ', '#H포인트 ', '#우리원멤버스 ', '#리브메이트 ', '#대박오늘퀴즈']"
69,.맞추고 싶지않다구자욱선수한테 완전 깨진날어째 잊어 ㅜㅜ#신한쏠야구 #구자욱 #부글부글#롯데야힘내라 제에발#원중이오빠,2024-04-13,"['#신한쏠야구 ', '#구자욱 ', '#부글부글', '#롯데야힘내라 제에발', '#원중이오빠']"
70,2021 신한은행 SOL KBO 리그 9월 월간 MVP로 선정된 선수는? #10월11일신한쏠퀴즈정답 #신한쏠퀴즈 #신한쏠야구 #노른자퀴즈,2021-10-10,"['#10월11일신한쏠퀴즈정답 ', '#신한쏠퀴즈 ', '#신한쏠야구 ', '#노른자퀴즈']"
71,지인의 지인에게 부탁해서 온 야구장⚾️#두산베어스 #고척스카이돔 #야구장 #플레이오프 #플레이오프2차전 #신한쏠 #KBO #postseason #postseasonbaseball #신한쏠야구 #po2,2020-11-10,"['#두산베어스 ', '#고척스카이돔 ', '#야구장 ', '#플레이오프 ', '#플레이오프2차전 ', '#신한쏠 ', '#KBO ', '#po', '#po', '#신한쏠야구 ', '#po2']"
72,KBO 추억의 사진 컨테스트 선정자  상품이 드디어 도착했어요 기아타이거즈 상품과 KBO상품 그리고 찐야구팬 자격증 한국야구 화이팅 #신한쏠야구 #추억의사진컨테스트 #신한은행 #기아타이거즈 #야구스타그램,2021-08-05,"['#신한쏠야구 ', '#추억의사진컨테스트 ', '#신한은행 ', '#기아타이거즈 ', '#야구스타그램']"
73,드디어 야구 개막!신한 쏠야구도 시작!첫날부터 쏠야구 시작이 좋네요.#신한쏠야구 #쏠야구 #야구,2021-04-04,"['#신한쏠야구 ', '#쏠야구 ', '#야구']"
74,야구상식 신한쏠야구4월14일 수요일 정답#신한쏠야구 #신한쏠야구정답 #쏠야구4월14일정답,2021-04-13,"['#신한쏠야구 ', '#신한쏠야구정답 ', '#쏠야구4월14일정답']"
75,#20220913#포인트모으기 #쏠야구9월13일#신한쏠야구,2022-09-13,"['#20220913', '#포인트모으기 ', '#쏠야구9월13일', '#신한쏠야구']"
76,#20220915#포인트모으기 #쏠야구9월15일#신한쏠야구,2022-09-15,"['#20220915', '#포인트모으기 ', '#쏠야구9월15일', '#신한쏠야구']"
77,#20220917#포인트모으기 #쏠야구9월17일#신한쏠야구,2022-09-17,"['#20220917', '#포인트모으기 ', '#쏠야구9월17일', '#신한쏠야구']"
78,#20220919#포인트모으기 #쏠야구9월19일#신한쏠야구#포인트모으기#재테크,2022-09-19,"['#20220919', '#포인트모으기 ', '#쏠야구9월19일', '#신한쏠야구', '#포인트모으기', '#재테크']"
79,#20220918#포인트모으기 #쏠야구9월18일#신한쏠야구,2022-09-18,"['#20220918', '#포인트모으기 ', '#쏠야구9월18일', '#신한쏠야구']"
80,#20220914#포인트모으기 #쏠야구9월14일#신한쏠야구,2022-09-14,"['#20220914', '#포인트모으기 ', '#쏠야구9월14일', '#신한쏠야구']"
81,#20220920#포인트모으기 #쏠야구9월20일#신한쏠야구#포인트모으기#포인트#재테크#짠테크,2022-09-20,"['#20220920', '#포인트모으기 ', '#쏠야구9월20일', '#신한쏠야구', '#포인트모으기', '#포인트', '#재테크', '#짠테크']"
82,#20220922#포인트모으기 #쏠야구9월22일#신한쏠야구#포인트모으기#포인트#재테크#짠테크,2022-09-22,"['#20220922', '#포인트모으기 ', '#쏠야구9월22일', '#신한쏠야구', '#포인트모으기', '#포인트', '#재테크', '#짠테크']"
83,#20220927#포인트모으기 #쏠야구9월27일#신한쏠야구#포인트모으기#포인트#재테크#짠테크,2022-09-27,"['#20220927', '#포인트모으기 ', '#쏠야구9월27일', '#신한쏠야구', '#포인트모으기', '#포인트', '#재테크', '#짠테크']"
84,#20221006#포인트모으기 #쏠야구10월06일#신한쏠야구#포인트모으기#포인트#재테크#짠테크#오늘의부업#오늘의포인트#오늘의재테크#티끌모아태산#직장인부업#직장인짠테크,2022-10-06,"['#20221006', '#포인트모으기 ', '#쏠야구10월06일', '#신한쏠야구', '#포인트모으기', '#포인트', '#재테크', '#짠테크', '#오늘의부업', '#오늘의포인트', '#오늘의재테크', '#티끌모아태산', '#직장인부업', '#직장인짠테크']"
85,#20221003#포인트모으기 #쏠야구10월03일#신한쏠야구#포인트모으기#포인트#재테크#짠테크#오늘의부업#오늘의포인트#오늘의제테크#티끌모아태산#직장인부업#직장인짠테크,2022-10-03,"['#20221003', '#포인트모으기 ', '#쏠야구10월03일', '#신한쏠야구', '#포인트모으기', '#포인트', '#재테크', '#짠테크', '#오늘의부업', '#오늘의포인트', '#오늘의제테크', '#티끌모아태산', '#직장인부업', '#직장인짠테크']"
86,#20220928#포인트모으기 #쏠야구9월28일#신한쏠야구#포인트모으기#포인트#재테크#짠테크,2022-09-28,"['#20220928', '#포인트모으기 ', '#쏠야구9월28일', '#신한쏠야구', '#포인트모으기', '#포인트', '#재테크', '#짠테크']"
